"Sdlg","Species","Fire","FirePatch","Ht16_meas2016.cm","Ht2017.cm","Patch","Elevation","Nearby_Easting","Nearby_Northing","Slope.Deg","Aspect.deg","BasDia2016.cm","LastYearGrth.cm","HTLCB","Dia2016","Dia2015","Ht2015.meas2016","Note1_2016","Note2_2016","Note3_Light","Datasheet1_2016","Light_File","DIFN","return","Date1_2016","Date2_2016","personel2","personel1","Time1","Time2","Photo","Datasheet2_2016","ShrubSpp03","Cov1.3","Ht1.3","Years","Date2017","DataSheet2017","Map","Status","BasDia2017.mm.1","BasDia2017.mm.2","Growth_17","Growth_16","Growth_15","Notes2017","shrubarea3"
"2","PIPO","CLVD","CLVD-N",143,186,"N",1626,72432,4303788,18,2,3.44,6.7,0,1.18,1.25,NA,"","","","Data_Sheet_CLVD_N_May_30",4,0.031,"0",2016-05-30,2016-07-26,"VF HH","CT ",09:45:00,08:01:00,"1","NA","ARPA",1310,115.572519083969,24,NA,"Shrubs_Summer17_Aug30_1231_done","Cleveland Lines - N","DONE","30.7","32.299999999999997","14.5","6.6","7.5","height measured wrong in 2016, very bendy",151400
"4","PIPO","CLVD","CLVD-N",88,87,"N",1626,724321,4303791,18,2,1.85,3.09,0,0.73,0.8,NA,"","","","Data_Sheet_CLVD_N_May_30_2",18,0.366,"0",2016-05-30,2016-07-26,"VF HH","CT ",13:43:00,08:01:00,"1","NA","ARPA",1450,115.51724137931,24,NA,"Shrubs_Summer17_Aug30_1231_done","Cleveland Lines - N","DONE","16.600000000000001","16.600000000000001","3.2","6.1","3.1","basal diameters measured with diameter tape",167500
"5","PIPO","CLVD","CLVD-N",191,217,"N",1626,724321,4303791,14,2,6.19,19,0,1.93,2.55,NA,"","","","Data_Sheet_CLVD_N_May_30_2",21,0.406,"0",2016-05-30,2016-07-26,"VF HH","CT ",13:43:00,08:01:00,"1","NA","ARPA",980,89.5408163265306,24,NA,"Shrubs_Summer17_Aug30_1231_done","Cleveland Lines - N","DONE","79","79","12.5","24.8","20.5",NA,87750
"6","ABCO","CLVD","CLVD-N",9.45,14,"N",1626,724392,4303842,22,85,0.3,1.92,0,0.27,0.37,NA,"right under log","right under log","","Data_Sheet_CLVD_N_May_30_2",16,0.296,"0",2016-05-30,2016-07-26,"VF HH","CT ",13:43:00,08:01:00,"1","NA","ARPA",1180,125.466101694915,24,NA,"Shrubs_Summer17_Aug30_1231_done","Cleveland Lines - N","DONE","3.7","4.0999999999999996",NA,NA,"2.1","leader died, no vertical growth measurements for 2017 and 2016",148050
"8","PIPO","CLVD","CLVD-N",110,229,"N",1626.5,724392,4303842,0,0,7.2,16,0,1.74,2.45,NA," missing slope and aspect, could use nearby","","","Data_Sheet_CLVD_N_May_31",13,0.909,"0",2016-05-31,2016-07-26,"VF HH","CT ",16:22:00,08:01:00,"1","NA","CEIN",1100,106.363636363636,24,NA,"Shrubs_Summer17_Aug30_1231_done","Cleveland Lines - N","DONE","79","85","11.5","15","17.5","height measured incorrectly in 2016",117000
"9","ABCO","CLVD","CLVD-N",146,175,"N",1626.5,724392,4303842,0,0,3.52,18,0,0.92,1.32,NA," missing slope and aspect, could use nearby","error in file 26? DIFN reported is file 15","","Data_Sheet_CLVD_N_May_31",0,0.283,"0",2016-05-31,2016-07-26,"VF HH","CT ",16:22:00,08:01:00,"1","NA","ARPA",1440,132.083333333333,24,NA,"Shrubs_Summer17_Aug30_1231_done","Cleveland Lines - N","DONE","40.299999999999997","39.799999999999997","11.5","23.3","17.7",NA,190200
"10","PIPO","CLVD","CLVD-N",163,185,"N",1626.5,724392,4303842,0,0,5.86,23,0,2.25,2.69,NA," missing slope and aspect, could use nearby","","","Data_Sheet_CLVD_N_May_31",27,0.325,"0",2016-05-31,2016-07-26,"VF HH","CT ",16:22:00,08:01:00,"1","NA","ARPA",1190,116.302521008403,24,NA,"Shrubs_Summer17_Aug30_1231_done","Cleveland Lines - N","DONE","69.8","64.5","14","25","23.3",NA,138400
"11","PIPO","CLVD","CLVD-N",27,27,"N",1626.5,724392,4303842,0,0,0.9,2.64,0,0.42,0.43,NA," missing slope and aspect, could use nearby","","","Data_Sheet_CLVD_N_May_31",24,0.245,"0",2016-05-31,2016-07-26,"VF HH","CT ",16:22:00,08:01:00,"1","NA","ARPA",1300,101.076923076923,24,NA,"Shrubs_Summer17_Aug30_1231_done","Cleveland Lines - N","DONE","4.3","4.5999999999999996","1.8","3.7","3",NA,131400
"12","ABCO","CLVD","CLVD-N",123,157,"N",1632,724392,4303842,0,0,4.24,16.3,0,0,0,NA," missing slope and aspect, could use nearby","","","Data_Sheet_CLVD_N_May_31",28,0.966,"0",2016-05-31,9999-09-09,"0","CT ",16:22:00,01:00:00,"0","NA","CEPR",810,10.5925925925926,24,NA,"Shrubs_Summer17_Aug30_1231_done","Cleveland Lines - N","DONE","52.8","56.2","17.2","17.7","17",NA,8580
"13","ABCO","CLVD","CLVD-N",11.8,15,"N",1632,724392,4303842,0,0,0.65,2.1,0,0,0,NA," missing slope and aspect, could use nearby","","","Data_Sheet_CLVD_N_May_31",0,0,"0",2016-05-31,9999-09-09,"0","CT ",16:22:00,01:00:00,"0","NA","CEPR",810,10.5925925925926,24,NA,"Shrubs_Summer17_Aug30_1231_done","Cleveland Lines - N","DONE","4.0999999999999996","3.9","0.6","1.4","1.2","appears browsed",8580
"15","ABCO","CLVD","CLVD-N",46,62,"N",1626.5,724392,4303842,0,0,1.28,7.9,0,0.89,0.97,NA,"broken top","center stem missing, measured top of branch","","Data_Sheet_CLVD_N_May_31",25,0.606,"0",2016-05-31,2016-07-26,"VF HH","CT ",16:22:00,08:01:00,"1","NA","CEPR",1330,43.9097744360902,24,NA,"Shrubs_Summer17_Aug30_1231_done","Cleveland Lines - N","DONE","14.2","14.4","6","8","7.8","branch has become new leader",58400
"275","ABCO","CLVD","CLVD-N",28,27,"N",1621,0,0,12,50,0.74,0.8,12,0.5,0.58,19,"forked top","","","Data_Sheet_CLVD_N_JUL_26_2016(1)",252,0.615,"0",2016-07-26,9999-09-09,"0","VF HH",08:01:00,01:00:00,"1","NA","CEPR",1050,29.7142857142857,24,NA,"Shrubs_Summer17_Aug30_1231_done","Cleveland Lines - N","DONE","5.3","5.4","1.8","3.6","1.3",NA,31200
"276","ABCO","CLVD","CLVD-N",14,14,"N",1621,0,0,26,18,0.56,1.29,5,0.38,0.4,10,"","","","Data_Sheet_CLVD_N_JUL_26_2016(1)",244,0.315,"0",2016-07-26,9999-09-09,"0","VF HH",08:01:00,01:00:00,"1","NA","ARPA",910,98.1318681318681,24,NA,"Shrubs_Summer17_Aug30_1231_done","Cleveland Lines - N","DONE","4","3.9","0.3","1.5","0.3",NA,89300
"277","PIPO","CLVD","CLVD-N",84,85,"N",1621,0,0,18,18,2.48,3.43,38,0.86,0.93,73,"","","","Data_Sheet_CLVD_N_JUL_26_2016(1)",245,0.701,"0",2016-07-26,9999-09-09,"0","VF HH",08:01:00,01:00:00,"1","NA","ARPA",1150,107.739130434783,24,NA,"Shrubs_Summer17_Aug30_1231_done","Cleveland Lines - N","DONE","23.7","25","2.8","5.5","4.4000000000000004",NA,123900
"278","PIPO","CLVD","CLVD-N",98,99,"N",1621,0,0,18,18,2.7,3.93,66,1.16,1.36,82,"","","","Data_Sheet_CLVD_N_JUL_26_2016(1)",246,0.734,"0",2016-07-26,9999-09-09,"0","VF HH",08:01:00,01:00:00,"1","NA","ARPA",820,114.634146341463,24,NA,"Shrubs_Summer17_Aug30_1231_done","Cleveland Lines - N","DONE","24.3","26.5","6.2","12.1","5",NA,94000
"279","PIPO","CLVD","CLVD-N",115,110,"N",1621,0,0,22,347,3.12,11.11,21,1.35,1.41,92,"","","","Data_Sheet_CLVD_N_JUL_26_2016(1)",247,0.342,"0",2016-07-26,9999-09-09,"0","VF HH",08:01:00,01:00:00,"1","NA","ARPA",1160,140.775862068966,24,NA,"Shrubs_Summer17_Aug30_1231_done","Cleveland Lines - N","DONE","28.8","29.8","2.4","12.1","8.3000000000000007","last year of growth died",163300
"280","PIPO","CLVD","CLVD-N",70,69,"N",1621,0,0,21,354,1.3,2.35,60,0.51,0.57,61,"","","","Data_Sheet_CLVD_N_JUL_26_2016(1)",248,0.377,"0",2016-07-26,9999-09-09,"0","VF HH",08:01:00,01:00:00,"1","NA","ARPA",1190,117.81512605042,24,NA,"Shrubs_Summer17_Aug30_1231_done","Cleveland Lines - N","DONE","12.3","13.7","1.3","4.5","3.5",NA,140200
"281","ABCO","CLVD","CLVD-N",23,26,"N",1621,0,0,19,348,0.68,4.15,3,0.39,0.55,13,"","","","Data_Sheet_CLVD_N_JUL_26_2016(1)",249,0.182,"0",2016-07-26,9999-09-09,"0","VF HH",08:01:00,01:00:00,"1","NA","ARPA",920,111.739130434783,24,NA,"Shrubs_Summer17_Aug30_1231_done","Cleveland Lines - N","DONE","5.8","5.9","3.1","5.5","4.8",NA,102800
"282","ABCO","CLVD","CLVD-N",50,52,"N",1621,0,0,22,67,1.09,8.29,10,0.66,0.77,35,"","","","Data_Sheet_CLVD_N_JUL_26_2016(1)",250,0.35,"0",2016-07-26,9999-09-09,"0","VF HH",08:01:00,01:00:00,"1","NA","ARPA",1110,108.018018018018,24,NA,"Shrubs_Summer17_Aug30_1231_done","Cleveland Lines - N","DONE","11.5","12","1.7","4.4000000000000004","9.6999999999999993","leader died in 2016",119900
"283","ABCO","CLVD","CLVD-N",34,37,"N",1621,0,0,15,39,0.56,3.87,5,0.25,0.43,27,"","","","Data_Sheet_CLVD_N_JUL_26_2016(1)",251,0.229,"0",2016-07-26,9999-09-09,"0","VF HH",08:01:00,01:00:00,"1","NA","CECO",1060,89.1509433962264,24,NA,"Shrubs_Summer17_Aug30_1231_done","Cleveland Lines - N","DONE","4.0999999999999996","4.5","4.5999999999999996","5.3","5.2",NA,94500
"284","ABCO","CLVD","CLVD-N",50,50,"N",1621,0,0,13,37,0.95,7.17,23,0.49,0.68,35,"","","","Data_Sheet_CLVD_N_JUL_26_2016(1)",253,0.351,"0",2016-07-26,9999-09-09,"0","VF HH",08:01:00,01:00:00,"1","NA","ARPA",1120,120.714285714286,24,NA,"Shrubs_Summer17_Aug30_1231_done","Cleveland Lines - N","DONE","10.3","9.1","1.5","6.1","7.9",NA,135200
"285","PIPO","CLVD","CLVD-N",151,167,"N",1621,0,0,20,33,5.47,12.62,55,1.95,2.39,105,"","","","Data_Sheet_CLVD_N_JUL_26_2016(1)",0,0,"0",2016-07-26,9999-09-09,"0","VF HH",08:01:00,01:00:00,"1","NA","ARPA",970,98.9175257731959,24,NA,"Shrubs_Summer17_Aug30_1231_done","Cleveland Lines - N","DONE","61.2","61.6","13","20.6","14.8",NA,95950
"36","PIPO","AMRC","AMRC-NW",32,45,"NW",1598,739022,4298073,28,250,1.35,5.57,0,0,0,NA,"","","","Data_Sheet_AMRC_NW_JUN_21_4",31,0,"0",2016-06-21,9999-09-09,"0","CT vf",08:38:00,01:00:00,"0","NA","LIDE",140,23.5714285714286,8,NA,"Shrubs_Summer17_AMRC_KindleFire_Sep11",NA,"DONE","16.399999999999999","17.399999999999999","9.8000000000000007","8.6","9.1",NA,3300
"38","PIPO","AMRC","AMRC-NW",24,21,"NW",1598,739022,4298073,28,250,1.21,3.6,0,0,0,NA,"no main stem","log real nearby, but not within 0.5 m","","Data_Sheet_AMRC_NW_JUN_21_4",33,0.86,"0",2016-06-21,9999-09-09,"0","CT vf",08:38:00,01:00:00,"0","NA","LIDE",150,56.6666666666667,8,NA,"Shrubs_Summer17_AMRC_2_Sep11",NA,"alive","12.8","12.1","4.3","2.9","1.7","leader died in 2014; shaped like an octopus",8500
"39","PIPO","AMRC","AMRC-NW",50,63,"NW",1598,739022,4298073,28,250,1.7,4.29,0,0,0,NA,"","","","Data_Sheet_AMRC_NW_JUN_21_4",34,0.714,"0",2016-06-21,9999-09-09,"0","CT vf",08:38:00,01:00:00,"0","NA","LIDE",250,97.2,8,NA,"Shrubs_Summer17_AMRC_2_Sep11",NA,"alive","18.600000000000001","19.899999999999999","11.6","4.2","8.9",NA,24300
"40","PIPO","AMRC","AMRC-NW",22,26,"NW",1598,739022,4298073,28,250,0.68,2.81,0,0,0,NA,"","","","Data_Sheet_AMRC_NW_JUN_21_4",35,0.708,"0",2016-06-21,9999-09-09,"0","CT vf",08:38:00,01:00:00,"0","NA","LIDE",530,85.6603773584906,8,NA,"Shrubs_Summer17_AMRC_2_Sep11",NA,"alive","6.8","6.8","2.8","5.3","2.6",NA,45400
"41","PIPO","AMRC","AMRC-NW",91,103,"NW",1598,739022,4298073,22,270,3.5,11.12,0,0,0,NA,"","","","Data_Sheet_AMRC_NW_JUN_21_4",36,0.369,"0",2016-06-21,9999-09-09,"0","CT vf",08:38:00,01:00:00,"0","NA","LIDE",580,64.1379310344828,8,NA,"Shrubs_Summer17_AMRC_2_Sep11",NA,"alive","38.1","39.700000000000003","12.6","16.600000000000001","11.5",NA,37200
"42","PIPO","AMRC","AMRC-NW",42,51,"NW",1598,739022,4298073,22,270,1.09,10.5,0,0,0,NA,"","leaf near lens on last measurement","","Data_Sheet_AMRC_NW_JUN_21_5",37,0.093,"0",2016-06-21,9999-09-09,"0","CT vf",08:38:00,01:00:00,"0","NA","LIDE",840,72.1428571428571,8,NA,"Shrubs_Summer17_AMRC_2_Sep11",NA,"alive","11","10.8","11.7","13","9.9",NA,60600
"43","PIPO","AMRC","AMRC-NW",12,15,"NW",1598,739022,4298073,6,287,0.53,3.59,0,0,0,NA,"","","","Data_Sheet_AMRC_NW_JUN_21_5",38,0.559,"0",2016-06-21,9999-09-09,"0","CT vf",08:38:00,01:00:00,"0","NA","LIDE",260,77.6923076923077,8,NA,"Shrubs_Summer17_AMRC_2_Sep11",NA,"alive","5.3","5.4","3.5","3.4","3.4",NA,20200
"44","PIPO","AMRC","AMRC-NW",18,20,"NW",1598,739022,4298073,22,22,0.59,2.19,0,0,0,NA,"","","","Data_Sheet_AMRC_NW_JUN_21_5",39,0.871,"0",2016-06-21,9999-09-09,"0","CT vf",08:38:00,01:00:00,"0","NA","LIDE",360,48.6111111111111,8,NA,"Shrubs_Summer17_AMRC_KindleFire_Sep11",NA,"DONE","6.6","6.6","2.8","4.2","2.2000000000000002",NA,17500
"46","ABCO","AMRC","AMRC-NW",48,53,"NW",1598,739022,4298073,22,22,1.7,3.6,0,0,0,NA,"","","","Data_Sheet_AMRC_NW_JUN_21_5",41,0.801,"0",2016-06-21,9999-09-09,"0","CT vf",08:38:00,01:00:00,"0","NA","ARPA",420,45.2380952380952,8,NA,"Shrubs_Summer17_AMRC_KindleFire_Sep11",NA,"DONE","18.100000000000001","19.100000000000001","5.8","4.7","3.6",NA,19000
"48","ABCO","AMRC","AMRC-NW",68,78,"NW",1598,739022,4298073,19,22,1.95,12.75,0,0,0,NA,"","","","Data_Sheet_AMRC_NW_JUN_21_5",43,0.841,"0",2016-06-21,9999-09-09,"0","CT vf",08:38:00,01:00:00,"0","NA","LIDE",270,43.8888888888889,8,NA,"Shrubs_Summer17_AMRC_KindleFire_Sep11",NA,"DONE","20.9","20.5","4.0999999999999996","5.7","12.9",NA,11850
"51","ABCO","AMRC","AMRC-NE",51,66,"NE",1966,739619,4297391,17,188,1.18,7.7,0,0.61,0.89,47,"","revisited for 2014/2016 on July 20 2016","","Data_Sheet_AMRC_NE_JUN_21_1",195,0.042,"0",2016-06-21,9999-09-09,"0","CT vf",14:33:00,01:00:00,"0","NA","CHSE",990,41.3131313131313,8,NA,"Shrubs_Summer17_AMRC_2_Sep11",NA,"alive","12.8","12","7.5","8.1","7.6",NA,40900
"52","ABCO","AMRC","AMRC-NE",38,42,"NE",1966,739619,4297391,17,188,0.8,4.55,0,0.39,0.5,27,"","revisited for 2014/2016 on July 20 2016","","Data_Sheet_AMRC_NE_JUN_21_1",196,0.28,"0",2016-06-21,9999-09-09,"0","CT vf",14:33:00,01:00:00,"0","NA","CHSE",930,48.2795698924731,8,NA,"Shrubs_Summer17_AMRC_KindleFire_Sep11",NA,"DONE","8.1999999999999993","8.4","6.7","5.2","4.5",NA,44900
"53","ABCO","AMRC","AMRC-NE",27,32,"NE",1966,739619,4297391,17,188,0.69,10.13,0,0.44,0.87,8,"","revisited for 2014/2016 on July 20 2016","","Data_Sheet_AMRC_NE_JUN_21_1",197,0.154,"0",2016-06-21,9999-09-09,"0","CT vf",14:33:00,01:00:00,"0","NA","CHSE",1020,51.7647058823529,8,NA,"Shrubs_Summer17_AMRC_2_Sep11",NA,"alive","5.3","6.1","3.9","9.5","10.4",NA,52800
"54","ABCO","AMRC","AMRC-NE",34,48,"NE",1966,739619,4297391,17,188,1.05,2.1,0,0.44,0.52,32,"54 and 55 very close","revisited for 2014/2016 on July 20 2016","","Data_Sheet_AMRC_NE_JUN_21_1",198,0.32,"0",2016-06-21,9999-09-09,"0","CT vf",14:33:00,01:00:00,"0","NA","CHSE",880,50.6818181818182,8,NA,"Shrubs_Summer17_AMRC_2_Sep11",NA,"alive","11.1","10.8","7.7","5.7","1.8",NA,44600
"55","ABCO","AMRC","AMRC-NE",58,68,"NE",1966,739619,4297391,17,188,1.2,6.39,0,0.58,0.73,50,"54 and 55 very close","revisited for 2014/2016 on July 20 2016","","Data_Sheet_AMRC_NE_JUN_21_1",199,0.337,"0",2016-06-21,9999-09-09,"0","CT vf",14:33:00,01:00:00,"0","NA","CHSE",880,50.6818181818182,8,NA,"Shrubs_Summer17_AMRC_KindleFire_Sep11",NA,"DONE","13.9","14","8.4","6.7","5.6",NA,44600
"56","ABCO","AMRC","AMRC-NE",70,84,"NE",1966,739619,4297391,17,188,1.19,13.49,0,0.57,0.69,60,"","revisited for 2014/2016 on July 20 2016","","Data_Sheet_AMRC_NE_JUN_21_1",200,0.248,"0",2016-06-21,9999-09-09,"0","CT vf",14:33:00,01:00:00,"0","NA","CHSE",810,48.3950617283951,8,NA,"Shrubs_Summer17_AMRC_2_Sep11",NA,"alive","15.1","15.5","8.6","11.5","13.7",NA,39200
"57","ABCO","AMRC","AMRC-NE",28,35,"NE",1966,739619,4297391,17,188,0.64,2.46,0,0.4,0.5,22,"","revisited for 2014/2016 on July 20 2016","","Data_Sheet_AMRC_NE_JUN_21_1",201,0.234,"0",2016-06-21,9999-09-09,"0","CT vf",14:33:00,01:00:00,"0","NA","CHSE",960,41.5625,8,NA,"Shrubs_Summer17_AMRC_2_Sep11",NA,"alive","5.5","5.3","5.5","5.2","3",NA,39900
"58","ABCO","AMRC","AMRC-NE",30,NA,"NE",1966,739619,4297391,17,188,0.51,3.03,0,0.37,0.46,25,"","revisited for 2014/2016 on July 20 2016","","Data_Sheet_AMRC_NE_JUN_21_1",202,0.149,"0",2016-06-21,9999-09-09,"0","CT vf",14:33:00,01:00:00,"0","NA","CHSE",920,48.4782608695652,8,NA,NA,NA,"not found",NA,NA,NA,NA,NA,NA,44600
"61","ABCO","AMRC","AMRC-NW",29,34,"NW",1601,0,0,14,127,0.77,4.49,0,0,0,NA,"","","","Data_Sheet_AMRC_NW_JUN_21_5",51,0.413,"0",2016-06-22,9999-09-09,"0","CT vf ",08:21:00,01:00:00,"0","NA","ARPA",360,42.7777777777778,8,NA,"Shrubs_Summer17_AMRC_KindleFire_Sep11",NA,"DONE","6.2","6.2","2.2999999999999998","5","4.0999999999999996",NA,15400
"62","PIPO","AMRC","AMRC-NW",52,58,"NW",1601,0,0,14,135,1.24,9.67,0,0,0,NA,"","","","Data_Sheet_AMRC_NW_JUN_21_5",52,0.338,"0",2016-06-22,9999-09-09,"0","CT vf ",08:21:00,01:00:00,"0","NA","ARPA",640,51.25,8,NA,"Shrubs_Summer17_AMRC_KindleFire_Sep11",NA,"DONE","14.1","14.5","6.7","13.5","9.5",NA,32800
"63","PIPO","AMRC","AMRC-NW",15,15,"NW",1601,0,0,14,140,0.45,2.72,0,0,0,NA,"","","","Data_Sheet_AMRC_NW_JUN_21_5",53,0.726,"0",2016-06-22,9999-09-09,"0","CT vf ",08:21:00,01:00:00,"0","NA","ARPA",540,36.2962962962963,8,NA,"Shrubs_Summer17_AMRC_KindleFire_Sep11",NA,"DONE","4.8","4.5","2.2000000000000002","3.5","2.5",NA,19600
"64","PIPO","AMRC","AMRC-NW",78,94,"NW",1601,0,0,14,140,2.69,14.95,0,0,0,NA,"","","","Data_Sheet_AMRC_NW_JUN_22_1",54,0.292,"0",2016-06-22,9999-09-09,"0","CT vf ",08:21:00,01:00:00,"0","NA","ARPA",480,66.25,8,NA,"Shrubs_Summer17_AMRC_KindleFire_Sep11",NA,"DONE","37.299999999999997","40.9","21.5","23","14.6",NA,31800
"65","PIPO","AMRC","AMRC-NW",67,66,"NW",1601,0,0,14,140,1.59,16.21,0,0,0,NA,"","","","Data_Sheet_AMRC_NW_JUN_22_1",55,0.298,"0",2016-06-22,9999-09-09,"0","CT vf ",08:21:00,01:00:00,"0","NA","ARPA",380,69.2105263157895,8,NA,"Shrubs_Summer17_AMRC_KindleFire_Sep11",NA,"DONE","16.600000000000001","17.2","6.9","14.4","15.9",NA,26300
"69","PIPO","AMRC","AMRC-NW",14,18,"NW",1601,0,0,12,185,0.51,1.79,0,0,0,NA,"","","","Data_Sheet_AMRC_NW_JUN_22_1",60,0.385,"0",2016-06-22,9999-09-09,"0","CT vf ",08:21:00,01:00:00,"0","NA","ARPA",300,65.3333333333333,8,NA,"Shrubs_Summer17_AMRC_2_Sep11",NA,"alive","4.8","5.5","3.4","5","1.6",NA,19600
"71","PIPO","AMRC","AMRC-NW",29,30,"NW",1601,0,0,14,235,0.76,3.81,0,0,0,NA,"","","","Data_Sheet_AMRC_NW_JUN_22_1",62,0.182,"0",2016-06-22,9999-09-09,"0","CT vf ",08:21:00,01:00:00,"0","NA","ARPA",1070,54.8598130841121,8,NA,"Shrubs_Summer17_AMRC_2_Sep11",NA,"alive","6","6.6","3.3","9.3000000000000007","3.6","top cm is dead",58700
"72","PIPO","AMRC","AMRC-NW",23,25,"NW",1601,0,0,12,210,0.78,3.94,0,0,0,NA,"","","","Data_Sheet_AMRC_NW_JUN_22_1",63,0.427,"0",2016-06-22,9999-09-09,"0","CT vf ",08:21:00,01:00:00,"0","NA","ARPA",810,59.3827160493827,8,NA,"Shrubs_Summer17_AMRC_2_Sep11",NA,"alive","7.3","7.6","5.6","4.8",NA,"leader died in 2015, so no 2015 growth measurement taken",48100
"73","ABCO","AMRC","AMRC-2",55,61,"2",1672,0,0,21,299,1.06,10.26,0,0.55,0.68,37,"","","returned on July 21, 2016","Data_Sheet_AMRC_NW_JUN_22_1",64,0.088,"0",2016-06-22,9999-09-09,"0","CT vf ",13:31:00,01:00:00,"0","NA","CECO",1070,84.018691588785,8,NA,"Shrubs_Summer17_AMRC_KindleFire_Sep12_1234",NA,"DONE","7.8","7.5","8.1","7.6","8.8000000000000007",NA,89900
"74","ABCO","AMRC","AMRC-2",57,51,"2",1672,0,0,21,299,1.1,8.74,0,0.38,0.54,39,"same shrubs as 73","","returned on July 21, 2016","Data_Sheet_AMRC_NW_JUN_22_1",64,0.088,"0",2016-06-22,9999-09-09,"0","CT vf ",13:31:00,01:00:00,"0","NA","CECO",1070,84.018691588785,8,NA,"Shrubs_Summer17_AMRC_KindleFire_Sep12_1234",NA,"DONE","9.9","10",NA,NA,"11.3","2016 and 2017 broke off",89900
"75","ABCO","AMRC","AMRC-2",49,48,"2",1672,0,0,21,299,0.92,7.65,0,0.37,0.58,45,"same shrubs as 73","","returned on July 21, 2016","Data_Sheet_AMRC_NW_JUN_22_1",64,0.088,"0",2016-06-22,9999-09-09,"0","CT vf ",13:31:00,01:00:00,"0","NA","CECO",1070,84.018691588785,8,NA,"Shrubs_Summer17_AMRC_KindleFire_Sep12_1234",NA,"DONE","6.8","7",NA,"6.7","8.1","2017 growth b",89900
"76","ABCO","AMRC","AMRC-2",52,55,"2",1672,0,0,11,303,1.26,9.59,0,0.59,0.76,29,"","","returned on July 21, 2016","Data_Sheet_AMRC_NW_JUN_22_1",65,0.443,"0",2016-06-22,9999-09-09,"0","CT vf ",13:31:00,01:00:00,"0","NA","CECO",1220,46.5573770491803,8,NA,"Shrubs_Summer17_AMRC_KindleFire_Sep12_1234",NA,"DONE","10.5","10.5","6.8","12","9.1999999999999993",NA,56800
"77","ABCO","AMRC","AMRC-2",31,30,"2",1701,739372,4298304,15,290,0.59,2.86,0,0.28,0.37,24,"","mastication nearby","returned on July 21, 2016","Data_Sheet_AMCR_2_JUN23_2",66,0.123,"0",2016-06-23,9999-09-09,"0","CT vf",07:45:00,01:00:00,"0","NA","CECO",1080,72.3148148148148,8,NA,"Shrubs_Summer17_AMRC_KindleFire_Sep12_1234",NA,"DONE","4.5","4.4000000000000004","1","3.3","0.7",NA,78100
"78","ABCO","AMRC","AMRC-2",38,39,"2",1701,739372,4298304,15,290,0.83,3.47,0,0.29,0.39,30,"same shrubs as 79","mastication nearby","returned on July 21, 2016","Data_Sheet_AMCR_2_JUN23_2",67,0.115,"0",2016-06-23,9999-09-09,"0","CT vf",07:45:00,01:00:00,"0","NA","CECO",1190,77.563025210084,8,42990,"Shrubs_Summer17_AMRC_2_Sep12",NA,"done","6.8","6.4","3.7",NA,"3.5","2016 growth died, so no measurement taken",92300
"79","ABCO","AMRC","AMRC-2",37,35,"2",1701,739372,4298304,15,290,0.89,3.8,0,0.29,0.5,23,"same shrubs as 78","mastication nearby","returned on July 21, 2016","Data_Sheet_AMCR_2_JUN23_2",0,0,"0",2016-06-23,9999-09-09,"0","CT vf",07:45:00,01:00:00,"0","NA","CECO",1190,77.563025210084,8,42990,"Shrubs_Summer17_AMRC_2_Sep12",NA,"done","8.1999999999999993","8","2.6","2","3.7",NA,92300
"80","ABCO","AMRC","AMRC-2",49,NA,"2",1701,739372,4298304,15,290,1.1,3.93,0,0.5,0.78,31,"","mastication nearby","returned on July 21, 2016","Data_Sheet_AMCR_2_JUN23_2",68,0.063,"0",2016-06-23,9999-09-09,"0","CT vf",07:45:00,01:00:00,"0","NA","CECO",1050,63.5238095238095,8,NA,"Shrubs_Summer17_AMRC_KindleFire_Sep12_1234",NA,"not found",NA,NA,NA,NA,NA,NA,66700
"81","ABCO","AMRC","AMRC-2",57,NA,"2",1701,739372,4298304,15,290,1.27,11.38,0,0.56,0.87,54,"","mastication nearby","returned on July 21, 2016","Data_Sheet_AMCR_2_JUN23_2",69,0.058,"0",2016-06-23,9999-09-09,"0","CT vf",07:45:00,01:00:00,"0","NA","CECO",880,56.0227272727273,8,NA,"Shrubs_Summer17_AMRC_KindleFire_Sep12_1234",NA,"herbicided",NA,NA,NA,NA,NA,NA,49300
"82","ABCO","AMRC","AMRC-2",42,NA,"2",1701,739372,4298304,15,290,1.68,11.78,0,0,0,NA,"SAMe as 80","mastication nearby","","Data_Sheet_AMCR_2_JUN23_2",68,0.063,"0",2016-06-23,9999-09-09,"0","CT vf",07:45:00,01:00:00,"0","NA","CECO",1050,63.5238095238095,8,NA,"Shrubs_Summer17_AMRC_KindleFire_Sep12_1234",NA,"herbicided",NA,NA,NA,NA,NA,NA,66700
"83","ABCO","AMRC","AMRC-2",58,NA,"2",1701,739372,4298304,14,290,1.27,4,0,0.51,0.7,40,"","mastication nearby","returned on July 21, 2016","Data_Sheet_AMCR_2_JUN23_2",70,0.228,"0",2016-06-23,9999-09-09,"0","CT vf",07:45:00,01:00:00,"0","NA","CECO",980,58.7755102040816,8,42990,"Shrubs_Summer17_AMRC_2_Sep12",NA,"herbicide",NA,NA,NA,NA,NA,NA,57600
"84","PIPO","AMRC","AMRC-2",95,NA,"2",1701,739372,4298304,14,290,2.75,8.12,0,0,0,NA,"same transects as 83 but NOT same light ( diff HTS)","mastication nearby","","Data_Sheet_AMCR_2_JUN23_2",0,0,"0",2016-06-23,9999-09-09,"0","CT vf",07:45:00,01:00:00,"0","NA","CECO",980,58.7755102040816,8,42990,"Shrubs_Summer17_AMRC_2_Sep12",NA,"herbicide",NA,NA,NA,NA,NA,NA,57600
"85","ABCO","AMRC","AMRC-2",68,NA,"2",1701,739372,4298304,14,290,1.72,5.86,0,0.53,0.76,60,"","mastication nearby","returned on July 21, 2016","Data_Sheet_AMCR_2_JUN23_2",71,0.068,"0",2016-06-23,9999-09-09,"0","CT vf",07:45:00,01:00:00,"0","NA","CECO",660,60.9090909090909,8,NA,"Shrubs_Summer17_AMRC_KindleFire_Sep12_1234",NA,"herbicided",NA,NA,NA,NA,NA,NA,40200
"86","ABCO","AMRC","AMRC-2",45,NA,"2",1701,739372,4298304,14,290,1.18,3.57,0,0.5,0.8,33,"same as 85","mastication nearby","returned on July 21, 2016","Data_Sheet_AMCR_2_JUN23_2",71,0.068,"0",2016-06-23,9999-09-09,"0","CT vf",07:45:00,01:00:00,"0","NA","CECO",660,60.9090909090909,8,NA,"Shrubs_Summer17_AMRC_KindleFire_Sep12_1234",NA,"herbicided",NA,NA,NA,NA,NA,NA,40200
"87","ABCO","AMRC","AMRC-2",72,NA,"2",1701,739372,4298304,14,290,2.16,10.67,0,0.62,0.91,61,"same as 85","mastication nearby","returned on July 21, 2016","Data_Sheet_AMCR_2_JUN23_2",71,0.068,"0",2016-06-23,9999-09-09,"0","CT vf",07:45:00,01:00:00,"0","NA","CECO",660,60.9090909090909,8,NA,"Shrubs_Summer17_AMRC_KindleFire_Sep12_1234",NA,"herbicided",NA,NA,NA,NA,NA,NA,40200
"88","ABCO","AMRC","AMRC-2",47,NA,"2",1701,739372,4298304,23,290,0.99,12.58,0,0.51,0.68,28,"","mastication nearby","returned on July 21, 2016","Data_Sheet_AMCR_2_JUN23_2",72,0.219,"0",2016-06-23,9999-09-09,"0","CT vf",07:45:00,01:00:00,"0","NA","CECO",1060,67.5471698113208,8,NA,"Shrubs_Summer17_AMRC_KindleFire_Sep12_1234",NA,"herbicided",NA,NA,NA,NA,NA,NA,71600
"89","ABCO","AMRC","AMRC-2",55,NA,"2",1701,739372,4298304,23,290,1.05,7,0,0.52,0.71,37,"","mastication nearby","returned on July 21, 2016","Data_Sheet_AMCR_2_JUN23_2",73,0.214,"0",2016-06-23,9999-09-09,"0","CT vf",07:45:00,01:00:00,"0","NA","CECO",710,61.830985915493,8,42990,"Shrubs_Summer17_AMRC_2_Sep12",NA,"herbicide",NA,NA,NA,NA,NA,NA,43900
"90","ABCO","AMRC","AMRC-2",41,47,"2",1701,739372,4298304,16,290,1.1,4,0,0.4,0.69,35,"","mastication nearby","returned on July 21, 2016","Data_Sheet_AMCR_2_JUN23_2",75,0.198,"0",2016-06-23,9999-09-09,"0","CT vf",07:45:00,01:00:00,"0","NA","CECO",1160,66.0344827586207,8,42990,"Shrubs_Summer17_AMRC_2_Sep12",NA,"done","8.9","9.1999999999999993","3.7","5","4.0999999999999996",NA,76600
"91","ABCO","AMRC","AMRC-2",20,NA,"2",1701,739372,4298304,16,290,0.4,3.96,0,0,0,NA,"","mastication nearby","","Data_Sheet_AMCR_2_JUN23_2",77,0.134,"0",2016-06-23,9999-09-09,"0","CT vf",07:45:00,01:00:00,"0","NA","ARPA",1140,73.1578947368421,8,NA,"Shrubs_Summer17_AMRC_KindleFire_Sep12_1234",NA,"not found",NA,NA,NA,NA,NA,NA,83400
"92","ABCO","AMRC","AMRC-2",11,NA,"2",1701,739372,4298304,16,290,0.4,3.42,0,0,0,NA,"same as 91","mastication nearby","","Data_Sheet_AMCR_2_JUN23_2",77,0.134,"0",2016-06-23,9999-09-09,"0","CT vf",07:45:00,01:00:00,"0","NA","ARPA",1140,73.1578947368421,8,NA,"Shrubs_Summer17_AMRC_KindleFire_Sep12_1234",NA,"not found",NA,NA,NA,NA,NA,NA,83400
"93","ABCO","AMRC","AMRC-2",18,NA,"2",1701,739372,4298304,16,290,0.48,2.27,0,0,0,NA,"same as 91","mastication nearby","","Data_Sheet_AMCR_2_JUN23_2",77,0.134,"0",2016-06-23,9999-09-09,"0","CT vf",07:45:00,01:00:00,"0","NA","ARPA",1140,73.1578947368421,8,NA,"Shrubs_Summer17_AMRC_KindleFire_Sep12_1234",NA,"not found",NA,NA,NA,NA,NA,NA,83400
"94","ABCO","AMRC","AMRC-2",54,57,"2",1701,739372,4298304,16,290,1.1,7.8,0,0.5,0.7,35,"","mastication nearby","returned on July 21, 2016","Data_Sheet_AMCR_2_JUN23_2",78,0.166,"0",2016-06-23,9999-09-09,"0","CT vf",07:45:00,01:00:00,"0","NA","CECO",1120,65.4464285714286,8,42990,"Shrubs_Summer17_AMRC_2_Sep12",NA,"done","11.2","11","5","9.6","7.8",NA,73300
"95","ABCO","AMRC","AMRC-2",72,63,"2",1701,739372,4298304,16,290,2.21,11.5,0,0.66,0.95,50,"last years growth averaged due to fork","mastication nearby","returned on July 21, 2016","Data_Sheet_AMCR_2_JUN23_2",79,0.047,"0",2016-06-23,9999-09-09,"0","CT vf",07:45:00,01:00:00,"0","NA","CECO",1080,77.3148148148148,8,42990,"Shrubs_Summer17_AMRC_2_Sep12",NA,"done","12.3","12.4","0.2","5.5","11.6",NA,83500
"96","ABCO","AMRC","AMRC-2",50,51,"2",1701,739372,4298304,16,290,1.22,11.27,0,0,0,NA,"same as 95","mastication nearby","","Data_Sheet_AMCR_2_JUN23_2",79,0.047,"0",2016-06-23,9999-09-09,"0","CT vf",07:45:00,01:00:00,"0","NA","CECO",1080,77.3148148148148,8,42990,"Shrubs_Summer17_AMRC_2_Sep12",NA,"done","7.3","7.4","3.6","8.5","1.7",NA,83500
"97","ABCO","AMRC","AMRC-2",50,60,"2",1701,739372,4298304,16,299,1.73,15.8,0,0,0,NA,"1.25 is diameter before the fork","mastication nearby","","Data_Sheet_AMCR_2_JUN23_2",81,0.32,"0",2016-06-23,9999-09-09,"0","CT vf",07:45:00,01:00:00,"0","NA","CECO",840,79.1666666666667,8,NA,"Shrubs_Summer17_AMRC_KindleFire_Sep12_1234",NA,"DONE","16.7","17.399999999999999","11","10.4","15.8",NA,66500
"98","ABCO","AMRC","AMRC-2",55,46,"2",1672,0,0,19,283,1.3,9.87,10,0.72,0.89,38,"","same shrubs as 99","light measurements June 23, 2016","Data_Sheet_AMRC_2_JUL_18_2016(4)",82,0.049,"0",2016-07-18,9999-09-09,"0","VF HH",10:11:00,01:00:00,"1","NA","CECO",1250,92.16,8,NA,"Shrubs_Summer17_AMRC_KindleFire_Sep12_1234",NA,"DONE","9.6999999999999993","9.8000000000000007",NA,NA,NA,"broken top, can't measure vert growth",115200
"99","ABCO","AMRC","AMRC-2",40,44,"2",1672,0,0,19,283,1.15,7.01,15,0.66,0.7,35," top broken off","same shrubs as 98","light measurements June 23, 2016","Data_Sheet_AMRC_2_JUL_18_2016(4)",0,0,"0",2016-07-18,9999-09-09,"0","VF HH",10:11:00,01:00:00,"1","NA","CECO",1250,92.16,8,NA,"Shrubs_Summer17_AMRC_KindleFire_Sep12_1234",NA,"DONE","9.9","9.1999999999999993","5.2","7.9","6.9",NA,115200
"100","ABCO","AMRC","AMRC-2",117,NA,"2",1672,0,0,17,311,2.71,20.65,10,1,1.32,75,"","","light measurements June 23, 2016","Data_Sheet_AMRC_2_JUL_18_2016(4)",0,0,"0",2016-07-18,9999-09-09,"0","VF HH",10:11:00,01:00:00,"1","NA","CECO",1160,88.6206896551724,8,NA,"Shrubs_Summer17_AMRC_KindleFire_Sep12_1234",NA,"not found",NA,NA,NA,NA,NA,NA,102800
"103","ABCO","AMRC","AMRC-2",102,NA,"2",1672,0,0,6,192,1.45,29.58,30,0.9,1.34,50,"","","light measurements June 23, 2016","Data_Sheet_AMRC_2_JUL_18_2016(4)",0,0,"0",2016-07-18,9999-09-09,"0","VF HH",10:11:00,01:00:00,"1","NA","CECO",1150,106.95652173913,8,NA,"Shrubs_Summer17_AMRC_KindleFire_Sep12_1234",NA,"not found",NA,NA,NA,NA,NA,NA,123000
"104","ABCO","AMRC","AMRC-2",62,70,"2",1672,0,0,5,192,1.15,9.3,10,0.59,0.86,40,"","","light measurements June 23, 2016","Data_Sheet_AMRC_2_JUL_18_2016(4)",0,0,"0",2016-07-18,9999-09-09,"0","VF HH",10:11:00,01:00:00,"1","NA","CECO",1200,121.666666666667,8,42990,"Shrubs_Summer17_AMRC_2_Sep12",NA,"done","9.4","8.9","3.9","13.5","10.8",NA,146000
"105","ABCO","AMRC","AMRC-2",28,32,"2",1701,739372,4298304,15,290,0.58,3.72,0,0,0,NA,"same shrubs as 78","mastication nearby","","Data_Sheet_AMCR_2_JUN23_2",86,0.061,"0",2016-06-23,9999-09-09,"0","CT vf",07:45:00,01:00:00,"0","NA","CECO",1190,77.563025210084,8,42990,"Shrubs_Summer17_AMRC_2_Sep12",NA,"done","6.2","5.9","5.7","2.1","3.5",NA,92300
"106","ABCO","AMRC","AMRC-2",68,NA,"2",1701,739372,4298304,16,290,1.37,15.3,0,0,0,NA,"","mastication nearby","","Data_Sheet_AMCR_2_JUN23_2",0,0,"0",2016-06-23,9999-09-09,"0","CT vf",07:45:00,01:00:00,"0","NA","CECO",1220,79.016393442623,8,NA,NA,NA,"not found",NA,NA,NA,NA,NA,NA,96400
"107","ABCO","AMRC","AMRC-2",46,NA,"2",1701,739372,4298304,18,290,1.1,15.2,0,0,0,NA,"","mastication nearby","second CECO-2 light file, as per notes in notebook","Data_Sheet_AMCR_2_JUN23_2",80,0.093,"0",2016-06-23,9999-09-09,"0","CT vf",07:45:00,01:00:00,"0","NA","CECO",1140,77.8070175438596,8,NA,NA,NA,"not found",NA,NA,NA,NA,NA,NA,88700
"108","PIPO","CLVD","CLVD-SE",202,207,"SE",1402,739372,4298304,21,142,5.85,5.09,0,0,0,NA,"halfway up crown is 170 cm","","","Data_Sheet_CLVD_SE_JUN24_2",0,0,"0",2016-06-24,9999-09-09,"0","CT vf hh",09:52:00,01:00:00,"0","NA","ARPA",1180,213.389830508475,24,NA,"Shrubs_Summer17_Aug31_1426_done","Cleveland Aerial - SE - Zoom","DONE","60.3","57.3","8.1999999999999993","9","5.4",NA,251800
"109","PIPO","CLVD","CLVD-SE",101,115,"SE",1402,739372,4298304,21,124,2.65,6.8,0,0,0,NA,"mastication debris on s end","","","Data_Sheet_CLVD_SE_JUN24_2",91,0.117,"0",2016-06-24,9999-09-09,"0","CT vf hh",09:52:00,01:00:00,"0","NA","ARPA",810,173.827160493827,24,NA,"Shrubs_Summer17_Aug31_1426_done","Cleveland Aerial - SE - Zoom","DONE","27.2","26.3","8.8000000000000007","4.5999999999999996","7.1","top died in 2017 but didn't fall off",140800
"110","PIPO","CLVD","CLVD-SE",270,335,"SE",1402,739372,4298304,21,124,6.65,3.5,0,0,0,NA,"lt ht 270 for N","","","Data_Sheet_CLVD_SE_JUN24_2",92,0.821,"0",2016-06-24,9999-09-09,"0","CT vf hh",09:52:00,01:00:00,"0","NA","ARPA",1180,184.745762711864,24,NA,"Shrubs_Summer17_Aug31_1426_done","Cleveland Aerial - SE - Zoom","DONE","92","92","45","12","3.5","dbh taken with tape ; 2017 vert growth approximate",218000
"112","ABCO","WRTS","WRTS-1",154,201,"1",2112,738851,4298772,13,70,6.5,17.3,10,0,0,NA,"throw out second light measurement facing N","","","Data_Sheet_WRTS_1_JUN_26_2",117,0.945,"0",2016-06-26,9999-09-09,"0","CT",10:32:00,01:00:00,"0","NA","CECO",830,53.855421686747,35,42983,"Shrubs_Summer17_Wrights_KindleFire_Sep5","Wrights - Aerial - 1","DONE","66.8","73.900000000000006","20.399999999999999","9.1999999999999993","17.3",NA,44700
"113","ABCO","WRTS","WRTS-1",120,146,"1",2112,738851,4298772,16,100,5.35,14.4,10,0,0,NA,"","","","Data_Sheet_WRTS_1_JUN_26_2",115,0.588,"0",2016-06-26,9999-09-09,"0","CT",10:32:00,01:00:00,"0","NA","CECO",1240,68.9516129032258,35,42983,"Shrubs_Summer17_Wrights_KindleFire_Sep5","Wrights - Aerial - 1","DONE","50.9","55.9","13","10.4","14.7",NA,85500
"115","ABCO","WRTS","WRTS-1",104,122,"1",2112,738851,4298772,10,270,2.1,15.69,0,0,0,NA,"","","","Data_Sheet_WRTS_1_JUN_26_2",0,0,"0",2016-06-26,9999-09-09,"0","CT",10:32:00,01:00:00,"0","NA","CECO",1190,115.546218487395,35,42983,"Shrubs_Summer17_Wrights_KindleFire_Sep5","Wrights - Aerial - 1","DONE","27.5","22","11.5","6.9","16.100000000000001",NA,137500
"116","PIPO","WRTS","WRTS-1",204,220,"1",2112,738851,4298772,23,60,8.24,18.7,35,0,0,NA,"","","","Data_Sheet_WRTS_1_JUN_29",106,0.711,"0",2016-06-29,9999-09-09,"0","CT VF",01:00:00,01:00:00,"0","NA","CECO",520,66.5384615384615,35,42983,"paper in maroon binder","Wrights - Aerial - 1","DONE","92","92","15.6","25.1","18.7",NA,34600
"117","ABCO","WRTS","WRTS-1",127,143,"1",2112,738851,4298772,23,60,3.85,7.84,30,0,0,NA,"same shrubs as 118","","","Data_Sheet_WRTS_1_JUN_29",111,0.277,"0",2016-06-29,9999-09-09,"0","CT VF",01:00:00,01:00:00,"0","NA","CECO",1170,90.7692307692308,35,42983,"paper in maroon binder","Wrights - Aerial - 1","DONE","42.2","40","12.7","13.4","7.6",NA,106200
"118","ABCO","WRTS","WRTS-1",110,120,"1",2112,738851,4298772,23,60,3.16,8.42,20,0,0,NA,"same shrubs as 117","second light reading of N was too close to lvs","","Data_Sheet_WRTS_1_JUN_29",112,0.087,"0",2016-06-29,9999-09-09,"0","CT VF",01:00:00,01:00:00,"0","NA","CECO",1170,90.7692307692308,35,42983,"paper in maroon binder","Wrights - Aerial - 1","DONE","32","32.799999999999997","9.1","9","8.1999999999999993",NA,106200
"119","ABCO","WRTS","WRTS-1",125,135,"1",2112,738851,4298772,23,60,4.89,13.3,0,0,0,NA,"","","","Data_Sheet_WRTS_1_JUN_29",108,0.489,"0",2016-06-29,9999-09-09,"0","CT VF",01:00:00,01:00:00,"0","NA","PREM",680,83.3823529411765,35,42983,"paper in maroon binder","Wrights - Aerial - 1","DONE","56.2","56.6","9.8000000000000007","8.5","14",NA,56700
"120","ABCO","WRTS","WRTS-1",102,111,"1",2112,738851,4298772,23,60,2.76,11.8,10,0,0,NA,"","","","Data_Sheet_WRTS_1_JUN_29",109,0.316,"0",2016-06-29,9999-09-09,"0","CT VF",01:00:00,01:00:00,"0","NA","PREM",1190,125.882352941176,35,42983,"paper in maroon binder","Wrights - Aerial - 1","DONE","30.8","28.8","6.7","14.3","11.7",NA,149800
"121","PIPO","WRTS","WRTS-1",167,175,"1",2112,738851,4298772,23,60,3.85,2.78,100,0,0,NA,"","","","Data_Sheet_WRTS_1_JUN_29",107,0.985,"0",2016-06-29,9999-09-09,"0","CT VF",01:00:00,01:00:00,"0","NA","CECO",1370,110.14598540146,35,42983,"paper in maroon binder","Wrights - Aerial - 1","DONE","40.299999999999997","40.799999999999997","5.4","6.4","2.6",NA,150900
"122","ABCO","WRTS","WRTS-1",105,111,"1",2112,738851,4298772,21,79,2.32,9.06,30,0,0,NA,"","","","Data_Sheet_WRTS_1_JUN_29_4",113,0.512,"0",2016-06-29,9999-09-09,"0","CT VF",01:00:00,01:00:00,"0","NA","CECO",1290,86.5891472868217,35,42983,"paper in maroon binder","Wrights - Aerial - 1","DONE","23.6","21","5.8","5.0999999999999996","8.8000000000000007",NA,111700
"123","ABCO","WRTS","WRTS-1",95,NA,"1",2112,738851,4298772,25,60,2.41,8,20,0,0,NA,"slope and aspect from Data_Sheet_WRTS_1_JUN_29; LastYearGrowth an average of the two data sheets","","","Data_Sheet_WRTS_1_JUN_29_4",114,0.468,"0",2016-06-29,9999-09-09,"0","CT VF",01:00:00,01:00:00,"0","NA","CECO",1340,55.8955223880597,35,42983,NA,"Wrights - Aerial - 1","could not find",NA,NA,NA,NA,NA,NA,74900
"124","ABCO","WRTS","WRTS-1",79,91,"1",2112,738851,4298772,18,60,1.83,9.14,30,0,0,NA,"","","","Data_Sheet_WRTS_1_JUN_29_4",0,0,"0",2016-06-29,9999-09-09,"0","CT VF",01:00:00,01:00:00,"0","NA","CECO",1190,90.672268907563,35,42983,"Shrubs_Summer17_Wrights_KindleFire_Sep5","Wrights - Aerial - 1","DONE","18.3","18.600000000000001","5.5","7.4","10.4",NA,107900
"286","PIPO","FRDS","FRDS-mid",68,78,"mid",1638,0,0,5,166,1.77,14.83,13,1.29,1.49,26,"","","","Data_Sheet_FRDS_MID_JUL_27_2016",256,0.572,"0",2016-07-27,9999-09-09,"0","VF HH",12:30:00,01:00:00,"1","NA","CEIN",450,195.333333333333,12,42983,"Shrubs_Summer17_Freds_KindleFire_Sep5_done",NA,"DONE","20.3","21.8","12.6","24.8","15.6",NA,87900
"287","PIPO","FRDS","FRDS-mid",69,70,"mid",1638,0,0,5,166,1.87,4.96,16,1.35,1.39,41,"","","","Data_Sheet_FRDS_MID_JUL_27_2016",257,0.602,"0",2016-07-27,9999-09-09,"0","VF HH",12:30:00,01:00:00,"1","NA","CEIN",450,195.333333333333,12,42983,"Shrubs_Summer17_Freds_KindleFire_Sep5_done",NA,"DONE","16.3","17.3","4.7","15","5.4","dead above 45 cm tall, that part died mid 2017",87900
"288","PIPO","FRDS","FRDS-mid",204,216,"mid",1638,0,0,5,166,5.85,35.66,43,2.13,3.49,113,"","","","Data_Sheet_FRDS_MID_JUL_27_2016",258,0.828,"0",2016-07-27,9999-09-09,"0","VF HH",12:30:00,01:00:00,"1","NA","CEIN",520,156.346153846154,12,42983,"Shrubs_Summer17_Freds_KindleFire_Sep5_done",NA,"DONE","67.5","66.2","15.3","38.799999999999997","37",NA,81300
"289","PIPO","FRDS","FRDS-mid",201,222,"mid",1638,0,0,5,166,5.61,35.52,40,2.81,3.74,120,"","","","Data_Sheet_FRDS_MID_JUL_27_2016",0,0,"0",2016-07-27,9999-09-09,"0","VF HH",12:30:00,01:00:00,"1","NA","CEIN",310,156.129032258065,12,42983,"Shrubs_Summer17_Freds_KindleFire_Sep5_done",NA,"DONE","73.3","74.5","19.100000000000001","43.4","38.5",NA,48400
"290","PIPO","FRDS","FRDS-mid",226,276,"mid",1638,0,0,2,191,7,21.52,68,2.87,3.97,155,"","","correct file is 261","Data_Sheet_FRDS_MID_JUL_28_2016(1)",261,0.889,"0",2016-07-28,9999-09-09,"0","VF HH",07:00:00,01:00:00,"1","NA","CEIN",380,165.526315789474,12,42983,"Shrubs_Summer17_Freds_KindleFire_Sep5_done",NA,"DONE","8.6999999999999993","8.6999999999999993","50.5","46.5","25.5","diameter measured with logger tape",62900
"291","PIPO","FRDS","FRDS-mid",142,165,"mid",1638,0,0,7,208,3.15,7.8,53,1.17,1.49,115,"","","correct file is 262; up measurements held at 255cm","Data_Sheet_FRDS_MID_JUL_28_2016(1)",262,0.121,"0",2016-07-28,9999-09-09,"0","VF HH",01:00:00,01:00:00,"1","NA","CEIN",1060,204.905660377358,12,42983,"paper in maroon binder",NA,"DONE","30.9","30","15","19","11",NA,217200
"135","ABCO","WRTS","WRTS-1",18.2,NA,"1",2112,738851,4298772,23,60,0.4,2.48,0,0,0,NA,"","","","Data_Sheet_WRTS_1_JUN_29",110,0.199,"0",2016-06-29,9999-09-09,"0","CT VF",01:00:00,01:00:00,"0","NA","CECO",1050,88.9523809523809,35,42983,NA,NA,"could not find",NA,NA,NA,NA,NA,NA,93400
"292","PIPO","FRDS","FRDS-mid",220,238,"mid",1638,0,0,13,206,6.86,31.9,60,2.57,3.51,148,"","","up measurements held at 270cm","Data_Sheet_FRDS_MID_JUL_28_2016(1)",263,0.643,"0",2016-07-28,9999-09-09,"0","VF HH",01:00:00,01:00:00,"1","NA","CEIN",500,147.6,12,42983,"paper in maroon binder",NA,"DONE","90","80","26","31","24",NA,73800
"293","PIPO","FRDS","FRDS-mid",140,162,"mid",1638,0,0,5,224,3.2,13,5,2.16,2.25,98,"","","","Data_Sheet_FRDS_MID_JUL_28_2016(1)",264,0.166,"0",2016-07-28,9999-09-09,"0","VF HH",01:00:00,01:00:00,"1","NA","CEIN",640,190,12,42983,"paper in maroon binder",NA,"DONE","35.1","37.1","22","29","12",NA,121600
"294","PIPO","FRDS","FRDS-mid",45,54,"mid",1638,0,0,12,243,1.2,4.94,5,1.07,1.14,21,"","","","Data_Sheet_FRDS_MID_JUL_28_2016(1)",265,0.398,"0",2016-07-28,9999-09-09,"0","VF HH",01:00:00,01:00:00,"1","NA","CECO",40,90,12,42983,"paper in maroon binder",NA,"DONE","14.6","15.2","14","14.7","8.5",NA,3600
"129","ABCO","FRDS","FRDS-N",24,31,"N",1805,738851,4298772,21,310,0.53,6.93,5,0,0,NA,"in an old skid trail","","","Data_Sheet_FRDS_JUN_28_2",99,0.07,"0",2016-06-28,9999-09-09,"0","CT vf ",11:33:00,01:00:00,"1","NA","CHSE",890,121.573033707865,12,NA,"Shrubs_Summer17_Aug31_1426_done","Freds Topo - N - Navigation","DONE","5.4","5.9","4.5","7.9","6.9",NA,108200
"131","ABCO","FRDS","FRDS-N",68,60,"N",1805,738851,4298772,18,330,1.04,13.17,5,0,0,NA,"","","","Data_Sheet_FRDS_JUN_28_2",97,0.11,"0",2016-06-28,9999-09-09,"0","CT vf ",11:33:00,01:00:00,"1","NA","CHSE",770,77.9220779220779,12,NA,"Shrubs_Summer17_Aug31_1426_done","Freds Topo - N - Navigation","DONE","12.3","12.7",NA,NA,"13","leader broke off; 2017 and 2016 growth measurements could not be taken",60000
"132","PIPO","FRDS","FRDS-N",220,NA,"N",1805,0,0,16,345,5.2,43,0,0,0,NA,"","","","Data_Sheet_FRDS_N_JUN29",96,0.579,"0",2016-06-29,9999-09-09,"0","CT vf",06:16:00,01:00:00,"1","NA","CHSE",970,98.5567010309278,12,NA,NA,NA,"Actually PILA",NA,NA,NA,NA,NA,NA,95600
"133","PIPO","FRDS","FRDS-N",93,101,"N",1805,0,0,21,130,2.79,13.36,20,0,0,NA,"","","","Data_Sheet_FRDS_N_JUN29",105,0.618,"0",2016-06-29,9999-09-09,"0","CT vf",06:16:00,01:00:00,"1","NA","CECO",830,65.3012048192771,12,NA,"Shrubs_Summer17_Aug31_1426_done","Freds Topo - N - Navigation","DONE","32.799999999999997","33","11.5","17","14.4",NA,54200
"140","PIPO","FRDS","FRDS-SE",70,70,"SE",1316,738851,4298772,8,270,1.25,8.18,30,0,0,NA,"","","","Data_Sheet_FRDS_SE_JUL_1",148,0.396,"0",2016-07-01,9999-09-09,"0","CT vf",08:09:00,01:00:00,"0","NA","CHFO",1090,51.2844036697248,12,NA,"Shrubs_Summer17_Sep1_done_Fire","Freds Aerial SE","DONE","13.6","13.7","8.3000000000000007","12.4","8.4","0.19428571428571428",55900
"141","PIPO","FRDS","FRDS-SE",110,125,"SE",1316,738851,4298772,8,270,3.82,14.95,20,0,0,NA,"","","","Data_Sheet_FRDS_SE_JUL_1",149,0.632,"0",2016-07-01,9999-09-09,"0","CT vf",08:09:00,01:00:00,"0","NA","CHFO",690,49.5652173913044,12,NA,"Shrubs_Summer17_Sep1_done_Fire","Freds Aerial SE","DONE","44.2","41.2","21","22.2","14.6","0.35360000000000003",34200
"142","PIPO","FRDS","FRDS-SE",145,156,"SE",1316,738851,4298772,8,270,4.05,9.54,20,0,0,NA,"","","","Data_Sheet_FRDS_SE_JUL_1",150,0.689,"0",2016-07-01,9999-09-09,"0","CT vf",08:09:00,01:00:00,"0","NA","CHFO",980,91.734693877551,12,NA,"Shrubs_Summer17_Sep1_done_Fire","Freds Aerial SE","DONE","46.4","46.9","21","23.9","8.9","0.29743589743589743",89900
"143","PIPO","FRDS","FRDS-SE",35,39,"SE",1316,738851,4298772,15,210,0.77,2.55,20,0,0,NA,"oak sapling under 3 m and log right by sapling, which affected S measurements","","","Data_Sheet_FRDS_SE_JUL_1",151,0.205,"0",2016-07-01,9999-09-09,"0","CT vf",08:09:00,01:00:00,"0","NA","CHFO",1220,94.7540983606557,12,NA,"Shrubs_Summer17_Sep1_done_Fire","Freds Aerial SE","DONE","7.5","7.7","4.3","2.8","2.9",NA,115600
"159","PIPO","STAR","STAR-NW",118,124,"NW",NA,0,0,19,112,2.45,10.37,70,0,0,NA,"","","","Data_Sheet_STAR_JUL_5_2016",130,0.164,"0",2016-07-05,9999-09-09,"0","vf hh",09:44:00,01:00:00,"1","NA","CECO",1070,96.9158878504673,14,NA,"Shrubs_Summer17_Star_KindleFire_Sep6",NA,"DONE","22","21.4","5.8","9.4","9.9",NA,103700
"161","PIPO","STAR","STAR-NW",81,76,"NW",NA,0,0,15,108,1.45,11.75,5,0,0,NA,"","","","Data_Sheet_STAR_JUL_5_2016",132,0.09,"0",2016-07-05,9999-09-09,"0","vf hh",09:44:00,01:00:00,"1","NA","CECO",1220,96.0655737704918,14,NA,"Shrubs_Summer17_Star_KindleFire_Sep6",NA,"dead","13.6","14",NA,"15.5","12.8","deets in CT notebook",117200
"162","ABCO","STAR","STAR-NW",44,49,"NW",NA,0,0,12,132,1.6,2.7,5,0,0,NA,"","","","Data_Sheet_STAR_JUL_5_2016",134,0.56,"0",2016-07-05,9999-09-09,"0","vf hh",09:44:00,01:00:00,"1","NA","CECO",740,83.2432432432432,14,NA,"Shrubs_Summer17_Star_KindleFire_Sep6",NA,"DONE","16.399999999999999","16.2","4.5","3.5","1",NA,61600
"163","ABCO","STAR","STAR-NW",61,59,"NW",NA,0,0,12,132,2.32,6.7,20,0,0,NA,"77 cm tall CECO also shading both 163 and 164","","","Data_Sheet_STAR_JUL_5_2016",135,0.242,"0",2016-07-05,9999-09-09,"0","vf hh",09:44:00,01:00:00,"1","NA","CECO",1110,78.018018018018,14,NA,"Shrubs_Summer17_Star_KindleFire_Sep6",NA,"DONE","25.4","25.2","5.0999999999999996","2.8","1.9","two stems, we measured the one with non wacky leader, DIA below split",86600
"164","ABCO","STAR","STAR-NW",60,68,"NW",NA,0,0,12,132,2.4,5.09,20,0,0,NA,"same shrub transect as 163","discard last S measurement, might not have saved b/c full RAM","","Data_Sheet_STAR_JUL_5_2016",0,0,"0",2016-07-05,9999-09-09,"0","vf hh",09:44:00,01:00:00,"1","NA","CECO",1110,78.018018018018,14,NA,"Shrubs_Summer17_Star_KindleFire_Sep6",NA,"DONE","23.7","24.6","20.5","8.6999999999999993","2.8",NA,86600
"166","ABCO","STAR","STAR-NW",46,48,"NW",NA,0,0,19,130,0.75,3.95,5,0,0,NA,"","","","Data_Sheet_STAR_JUL_5_2016",0,0,"0",2016-07-05,9999-09-09,"0","vf hh",09:44:00,01:00:00,"1","NA","PREM",1410,124.893617021277,14,NA,"Shrubs_Summer17_Star_KindleFire_Sep6",NA,"DONE","9.5","8.6","5.0999999999999996","5.9","5.0999999999999996",NA,176100
"167","PIPO","STAR","STAR-NW",134,235,"NW",NA,0,0,19,130,6.4,26.36,0,0,0,NA,"","","","Data_Sheet_STAR_JUL_5_2016",0,0,"0",2016-07-05,9999-09-09,"0","vf hh",09:44:00,01:00:00,"1","NA","PREM",1070,130.467289719626,14,NA,"Shrubs_Summer17_Star_KindleFire_Sep6",NA,"DONE","72.599999999999994","66.5","31","37.5","28","double checked ht; DIA with tape 72",139600
"168","PIPO","STAR","STAR-NW",186,200,"NW",NA,0,0,11,111,3.3,15.65,20,0,0,NA,"","","","Data_Sheet_STAR_JUL_5_2016",0,0,"0",2016-07-05,9999-09-09,"0","vf hh",09:44:00,01:00:00,"1","NA","CECO",1200,140,14,NA,"Shrubs_Summer17_Star_2",NA,"DONE","43.1","40","15","31","20",NA,168000
"169","PIPO","STAR","STAR-NW",66,190,"NW",NA,0,0,14,120,2.46,6,50,0,0,NA,"","","","Data_Sheet_STAR_JUL_5_2016",0,0,"0",2016-07-05,9999-09-09,"0","vf hh",09:44:00,01:00:00,"1","NA","CECO",1190,122.857142857143,14,NA,"Shrubs_Summer17_Star_2",NA,"DONE","46.9","46","16","12.2","12.6","height measured incorrectly last year (stem bends under log)",146200
"170","ABCO","STAR","STAR-NW",64,48,"NW",NA,0,0,17,182,1.46,2.31,30,0,0,NA,"","","","Data_Sheet_STAR_JUL_5_2016",137,0.127,"0",2016-07-05,9999-09-09,"0","vf hh",09:44:00,01:00:00,"1","NA","CEIN",1090,160.917431192661,14,NA,"Shrubs_Summer17_Star_2",NA,"DONE","7.9","8.5","2.2000000000000002","2.8","1.5",NA,175400
"171","PIPO","STAR","STAR-NW",119,205,"NW",NA,0,0,17,182,6.75,15.66,20,0,0,NA,"","","","Data_Sheet_STAR_JUL_5_2016",136,0.236,"0",2016-07-05,9999-09-09,"0","vf hh",09:44:00,01:00:00,"1","NA","CEIN",900,147.777777777778,14,NA,"Shrubs_Summer17_Star_2",NA,"DONE","85","85","12.5","20.3","18",NA,133000
"172","ABCO","STAR","STAR-NW",44,39,"NW",NA,0,0,17,182,1.2,3.74,5,0,0,NA,"same shrub transect as 171","","","Data_Sheet_STAR_JUL_5_2016",138,0.096,"0",2016-07-05,9999-09-09,"0","vf hh",09:44:00,01:00:00,"1","NA","CEIN",900,147.777777777778,14,NA,"Shrubs_Summer17_Star_2",NA,"DONE","11.4","12.4","0","2.1","4.2",NA,133000
"176","PIPO","STAR","STAR-mid",98,NA,"mid",NA,0,0,0,176,3.02,5.61,60,0,0,NA,"branch not apical measured for growth! total length 120 cm","cein above 190 cm","","Data_Sheet_STAR_MID_JUL_6_2016(1)",0,0,"0",2016-07-06,9999-09-09,"0","vf hh",08:30:00,01:00:00,"1","NA","CECO",1710,134.561403508772,14,NA,NA,NA,"not found",NA,NA,NA,NA,NA,"really hard to get to, and thunder started",230100
"179","ABCO","STAR","STAR-S",56,54,"S",NA,0,0,7,31,0.85,5.7,15,0.41,0.58,36,"diameter below nodes","","","Data_Sheet_STAR_S_JUL_6_2016(1)",141,0.259,"0",2016-07-06,9999-09-09,"0","vf hh",13:50:00,01:00:00,"1","NA","CECO",1350,137.481481481481,14,NA,"Shrubs_Summer17_Star_KindleFire_Sep7",NA,"DONE","8.3000000000000007","8.3000000000000007","3.6","5.0999999999999996","5.3",NA,185600
"180","PIPO","STAR","STAR-S",192,199,"S",NA,0,0,7,31,4.9,11.62,50,1.59,2,157,"north up measurements held at 340 cm,, south held normal","","","Data_Sheet_STAR_S_JUL_6_2016(1)",142,0.121,"0",2016-07-06,9999-09-09,"0","vf hh",13:50:00,01:00:00,"1","NA","CECO",1320,139.545454545455,14,NA,"Shrubs_Summer17_Star_KindleFire_Sep7",NA,"DONE","52.6","50.2","13.5","19.899999999999999","11.6",NA,184200
"182","ABCO","STAR","STAR-S",66,78,"S",1634,0,0,11,56,1.47,6.75,25,0.4,0.75,50,"ABCO with ARPA above","same shrubs as 189","","Data_Sheet_STAR_S_JUL_7_2016",143,0.192,"0",2016-07-07,9999-09-09,"0","vf hh",06:15:00,01:00:00,"1","NA","CECO",1610,124.658385093168,14,NA,"Shrubs_Summer17_Star_KindleFire_Sep7",NA,"DONE","11.1","11.2","11.3","12","7.4",NA,200700
"185","ABCO","STAR","STAR-S",125,115,"S",1634,0,0,9,27,2.89,10.49,20,0.64,0.98,104,"ABCO. PREM above","same shrubs as 186","","Data_Sheet_STAR_S_JUL_7_2016",146,0.094,"0",2016-07-07,9999-09-09,"0","vf hh",06:15:00,01:00:00,"1","NA","willow",820,160.487804878049,14,NA,"Shrubs_Summer17_Star_KindleFire_Sep7",NA,"DONE","29.2","27.2","NA","NA","10.1","top dead and missing after 2015 growth, ht is lower for that reason",131600
"186","ABCO","STAR","STAR-S",135,156,"S",1634,0,0,9,27,2.65,12.69,10,0.74,0.98,105,"ABCO  with PREM above","same shrubs as 185","","Data_Sheet_STAR_S_JUL_7_2016",147,0.063,"0",2016-07-07,9999-09-09,"0","vf hh",06:15:00,01:00:00,"1","NA","willow",820,160.487804878049,14,NA,"Shrubs_Summer17_Star_KindleFire_Sep7",NA,"DONE","30.9","30.6","12.5","21.4","11.8","checked ht",131600
"189","ABCO","STAR","STAR-S",65,74,"S",1634,0,0,11,56,1.54,5.87,15,0.55,0.72,51,"ABCO with ARPA above","same shrubs as 182","","Data_Sheet_STAR_S_JUL_7_2016",0,0,"0",2016-07-07,9999-09-09,"0","vf hh",06:15:00,01:00:00,"1","NA","CECO",1610,124.658385093168,14,NA,"Shrubs_Summer17_Star_KindleFire_Sep7",NA,"DONE","12.7","12.5","8.5","8.1999999999999993","6.2",NA,200700
"144","PIPO","FRDS","FRDS-SE",45,42,"SE",1316,738851,4298772,13,224,0.85,5.7,5,0,0,NA,"3.5cm diameter fuel above seedling","","","Data_Sheet_FRDS_SE_JUL_1",152,0.187,"0",2016-07-01,9999-09-09,"0","CT vf",08:09:00,01:00:00,"0","NA","CHFO",930,73.6559139784946,12,NA,"Shrubs_Summer17_Sep1_done_Fire","Freds Aerial SE","DONE","7.8","8.1999999999999993","2.7","6.5","5.6","0.18571428571428572",68500
"145","PIPO","FRDS","FRDS-SE",90,NA,"SE",1316,738851,4298772,18,224,3.16,6.53,40,0,0,NA,"","","","Data_Sheet_FRDS_SE_JUL_1",153,0.351,"0",2016-07-01,9999-09-09,"0","CT vf",08:09:00,01:00:00,"0","NA","CHFO",560,70.8928571428571,12,NA,"Shrubs_Summer17_Sep1_done_Fire",NA,"dead",NA,NA,NA,NA,NA,NA,39700
"147","PIPO","FRDS","FRDS-SE",51,NA,"SE",1316,738851,4298772,15,180,1.42,7.7,30,0,0,NA,"","","","Data_Sheet_FRDS_SE_JUL_1",155,0.615,"0",2016-07-01,9999-09-09,"0","CT vf",08:09:00,01:00:00,"0","NA","CHFO",880,41.1363636363636,12,NA,NA,NA,"not found",NA,NA,NA,NA,NA,NA,36200
"148","PIPO","FRDS","FRDS-SE",19,NA,"SE",1316,738851,4298772,15,180,0.48,4.6,5,0,0,NA,"pin flag was found on ground, so measured at best guess","","","Data_Sheet_FRDS_SE_JUL_1",156,0.771,"0",2016-07-01,9999-09-09,"0","CT vf",08:09:00,01:00:00,"0","NA","CHFO",780,25.6410256410256,12,NA,NA,NA,"not found",NA,NA,NA,NA,NA,NA,20000
"149","PIPO","FRDS","FRDS-SE",37,50,"SE",1316,738851,4298772,20,170,0.9,6.8,15,0,0,NA,"","","","Data_Sheet_FRDS_SE_JUL_1",157,0.468,"0",2016-07-01,9999-09-09,"0","CT vf",08:09:00,01:00:00,"0","NA","CHFO",890,30,12,NA,"Shrubs_Summer17_Sep1_iPad","Freds Aerial SE","DONE","11.8","11.8","9.1999999999999993","5.2","6.4",NA,26700
"150","PIPO","FRDS","FRDS-SE",38,42,"SE",1316,738851,4298772,20,170,0.65,5.36,25,0,0,NA,"","","","Data_Sheet_FRDS_SE_JUL_1",158,0.27,"0",2016-07-01,9999-09-09,"0","CT vf",08:09:00,01:00:00,"0","NA","CHFO",940,39.3617021276596,12,NA,"Shrubs_Summer17_Sep1_iPad","Freds Aerial SE","DONE","6.8","7.2","5.6","10.3","5.9",NA,37000
"202","ABCO","AMRC","AMRC-2",61,60,"2",1672,0,0,19,265,1.38,4.57,10,0.48,0.7,48,"same shrubs as 203","","","Data_Sheet_AMRC_2_JUL_18_2016(4)",169,0.291,"0",2016-07-18,9999-09-09,"0","VF HH",10:11:00,01:00:00,"1","NA","CECO",1150,86.9565217391304,8,42990,"Shrubs_Summer17_AMRC_2_Sep12",NA,"done","11.5","11.4","1.7","4.4000000000000004","5.0999999999999996","top may have broken",1e+05
"203","ABCO","AMRC","AMRC-2",39,41,"2",1672,0,0,19,265,1.29,5.31,13,0.5,0.76,21,"same shrubs as 202","","","Data_Sheet_AMRC_2_JUL_18_2016(4)",170,0.167,"0",2016-07-18,9999-09-09,"0","VF HH",10:11:00,01:00:00,"1","NA","CECO",1150,86.9565217391304,8,42990,"Shrubs_Summer17_AMRC_2_Sep12",NA,"done","17.5","17.5","3.9","6.6","1.7",NA,1e+05
"204","ABCO","AMRC","AMRC-2",39,42,"2",1672,0,0,24,0,1.1,3.54,10,0.4,0.57,30,"","","","Data_Sheet_AMRC_2_JUL_18_2016(4)",171,0.117,"0",2016-07-18,9999-09-09,"0","VF HH",10:11:00,01:00:00,"1","NA","CECO",1180,102.203389830508,8,42990,"Shrubs_Summer17_AMRC_2_Sep12",NA,"done","8.5","8.6","3.5","4.5","3.8",NA,120600
"205","PIPO","AMRC","AMRC-2",56,67,"2",1672,0,0,16,273,1.58,8.69,20,0.99,1.05,30,"same shrubs as 206","","","Data_Sheet_AMRC_2_JUL_18_2016(4)",172,0.129,"0",2016-07-18,9999-09-09,"0","VF HH",10:11:00,01:00:00,"1","NA","CECO",1120,78.4821428571429,8,NA,"Shrubs_Summer17_AMRC_KindleFire_Sep12_1234",NA,"DONE","10.8","11.7","8.6","16.5","9.8000000000000007",NA,87900
"206","ABCO","AMRC","AMRC-2",27,34,"2",1672,0,0,16,273,0.74,5.96,1,0.4,0.52,19,"same shrubs as 205","","","Data_Sheet_AMRC_2_JUL_18_2016(4)",173,0.199,"0",2016-07-18,9999-09-09,"0","VF HH",10:11:00,01:00:00,"1","NA","CECO",1120,78.4821428571429,8,NA,"Shrubs_Summer17_AMRC_KindleFire_Sep12_1234",NA,"DONE","6.1","6.5","3.7","4.0999999999999996","4.7","might not be same tree as last year but is definitely very nearby, within 10 cm",87900
"207","PIPO","AMRC","AMRC-2",77,83,"2",1672,0,0,17,268,2.28,14.37,24,1.13,1.49,50,"","","","Data_Sheet_AMRC_2_JUL_18_2016(4)",174,0.601,"0",2016-07-18,9999-09-09,"0","VF HH",10:11:00,01:00:00,"1","NA","CECO",1070,74.018691588785,8,NA,"Shrubs_Summer17_AMRC_KindleFire_Sep12_1234",NA,"DONE","25.1","25.2","10","15.3","13.3",NA,79200
"208","ABCO","AMRC","AMRC-2",45,40,"2",1672,0,0,17,268,0.92,4.51,2,0.39,0.59,32,"","","","Data_Sheet_AMRC_2_JUL_18_2016(4)",175,0.348,"0",2016-07-18,9999-09-09,"0","VF HH",10:11:00,01:00:00,"1","NA","CECO",1070,74.018691588785,8,NA,"Shrubs_Summer17_AMRC_KindleFire_Sep12_1234",NA,"DONE","8.5","8.76","0","6","4.4000000000000004","top 1 cm dead",79200
"209","PIPO","AMRC","AMRC-2",100,113,"2",1672,0,0,17,268,2.98,13.61,12,1.57,1.78,71,"","","","Data_Sheet_AMRC_2_JUL_18_2016(4)",176,0.535,"0",2016-07-18,9999-09-09,"0","VF HH",10:11:00,01:00:00,"1","NA","CECO",840,68.5714285714286,8,42990,"Shrubs_Summer17_AMRC_2_Sep12",NA,"done","33.200000000000003","33.6","9.8000000000000007","14.2","15.5",NA,57600
"210","ABCO","AMRC","AMRC-2",40,32,"2",1672,0,0,17,268,1.02,4.26,5,0.37,0.53,30,"","","","Data_Sheet_AMRC_2_JUL_18_2016(4)",177,0.277,"0",2016-07-18,9999-09-09,"0","VF HH",10:11:00,01:00:00,"1","NA","CECO",850,50.3529411764706,8,42990,"Shrubs_Summer17_AMRC_2_Sep12",NA,"done","8.1999999999999993","7.8","3","2.9","2.8","top died after bud set 2017",42800
"211","PIPO","AMRC","AMRC-2",77,84,"2",1672,0,0,18,257,2,13.07,22,1.1,1.55,48,"","","","Data_Sheet_AMRC_2_JUL_18_2016(4)",178,0.506,"0",2016-07-18,9999-09-09,"0","VF HH",10:11:00,01:00:00,"1","NA","CECO",1150,69.304347826087,8,NA,"Shrubs_Summer17_AMRC_KindleFire_Sep12_1234",NA,"DONE","17.899999999999999","17","7.5","17.399999999999999","14.2",NA,79700
"212","ABCO","AMRC","AMRC-2",35,41,"2",1672,0,0,15,278,1.39,3.3,2,0.5,0.7,25,"same shrubs as 213","","","Data_Sheet_AMRC_2_JUL_18_2016(4)",179,0.446,"0",2016-07-18,9999-09-09,"0","VF HH",10:11:00,01:00:00,"1","NA","CECO",1030,81.747572815534,8,NA,"Shrubs_Summer17_AMRC_KindleFire_Sep12_1234",NA,"DONE","14","13.7","5.7","5.9","4.3",NA,84200
"213","ABCO","AMRC","AMRC-2",38,41,"2",1672,0,0,15,278,1.37,6.77,2,0.64,0.88,21,"same shrubs as 212","","","Data_Sheet_AMRC_2_JUL_18_2016(4)",180,0.255,"0",2016-07-18,9999-09-09,"0","VF HH",10:11:00,01:00:00,"1","NA","CECO",1030,81.747572815534,8,NA,"Shrubs_Summer17_AMRC_KindleFire_Sep12_1234",NA,"DONE","13.1","12","6.6","8.9","7.9",NA,84200
"214","PIPO","AMRC","AMRC-2",72,78,"2",1672,0,0,16,284,1.59,14.76,20,1.16,1.21,41,"","","","Data_Sheet_AMRC_2_JUL_18_2016(4)",181,0.548,"0",2016-07-18,9999-09-09,"0","VF HH",10:11:00,01:00:00,"1","NA","CECO",1140,75,8,NA,"Shrubs_Summer17_AMRC_KindleFire_Sep12_1234",NA,"DONE","15.6","14.7","10","16.600000000000001","14.4",NA,85500
"215","PIPO","AMRC","AMRC-2",78,90,"2",1672,0,0,15,272,2.64,12.02,20,1.29,1.81,44,"","","","Data_Sheet_AMRC_2_JUL_18_2016(4)",182,0.188,"0",2016-07-18,9999-09-09,"0","VF HH",10:11:00,01:00:00,"1","NA","CECO",1130,89.4690265486726,8,NA,"Shrubs_Summer17_AMRC_KindleFire_Sep12_1234",NA,"DONE","24.5","25.6","11.7","2.6",NA,"2015 growth broke off, go with measurement from last year for 2015 growth",101100
"216","ABCO","AMRC","AMRC-2",51,64,"2",1672,0,0,19,287,1.46,6.68,5,0.59,0.79,39,"same shrubs as 217","","","Data_Sheet_AMRC_2_JUL_18_2016(4)",183,0.358,"0",2016-07-18,9999-09-09,"0","VF HH",10:11:00,01:00:00,"1","NA","CECO",1000,67.3,8,NA,"Shrubs_Summer17_AMRC_KindleFire_Sep12_1234",NA,"DONE","12.9","13.5","6.6","10.1","8.1999999999999993",NA,67300
"217","ABCO","AMRC","AMRC-2",73,82,"2",1672,0,0,19,287,1.5,13.33,15,0.86,1.11,42,"same shrubs as 216","","","Data_Sheet_AMRC_2_JUL_18_2016(4)",184,0.347,"0",2016-07-18,9999-09-09,"0","VF HH",10:11:00,01:00:00,"1","NA","CECO",1000,67.3,8,NA,"Shrubs_Summer17_AMRC_KindleFire_Sep12_1234",NA,"DONE","15.1","16.8","10.199999999999999","6.7","5.4",NA,67300
"218","ABCO","AMRC","AMRC-2",64,72,"2",1672,0,0,22,277,1.99,7.6,3,0.74,1.05,38,"","","","Data_Sheet_AMRC_2_JUL_18_2016(4)",185,0.185,"0",2016-07-18,9999-09-09,"0","VF HH",10:11:00,01:00:00,"1","NA","CECO",930,89.3548387096774,8,NA,"Shrubs_Summer17_AMRC_KindleFire_Sep12_1234",NA,"DONE","16.2","16.399999999999999","8.6","6.9","9.9","originally in CT notebook",83100
"219","PIPO","AMRC","AMRC-2",16,21,"2",1672,0,0,22,277,0.75,1.87,4,0.57,0.59,11,"","","","Data_Sheet_AMRC_2_JUL_18_2016(4)",186,0.343,"0",2016-07-18,9999-09-09,"0","VF HH",10:11:00,01:00:00,"1","NA","CECO",940,80.3191489361702,8,NA,"Shrubs_Summer17_AMRC_KindleFire_Sep12_1234",NA,"DONE","4.9000000000000004","4.5999999999999996","5.8","2.6","5.2","originally in CT notebook",75500
"220","PIPO","AMRC","AMRC-2",115,122,"2",NA,0,0,24,262,3.04,17.12,25,1.5,1.72,74,"","","","Data_Sheet_AMRC__2_JUL_19_2016(1).xlsx",187,0.515,"0",2016-07-19,9999-09-09,"0","VF HH",07:19:00,01:00:00,"1","NA","CECO",1270,91.4173228346457,8,NA,"Shrubs_Summer17_AMRC_KindleFire_Sep12_1234",NA,"DONE","30.1","27.7","5.5","20.6","18.3",NA,116100
"221","ABCO","AMRC","AMRC-2",80,90,"2",NA,0,0,22,257,1.8,14.44,10,0.88,1.32,51,"","","","Data_Sheet_AMRC__2_JUL_19_2016(1).xlsx",188,0.625,"0",2016-07-19,9999-09-09,"0","VF HH",07:19:00,01:00:00,"1","NA","CECO",1000,81.4,8,NA,"Shrubs_Summer17_AMRC_KindleFire_Sep12_1234",NA,"DONE","20.6","18.100000000000001","9","9.4","15.5",NA,81400
"222","PIPO","AMRC","AMRC-2",96,106,"2",NA,0,0,20,282,2.71,16.75,20,1.74,2.19,45,"","","","Data_Sheet_AMRC__2_JUL_19_2016(1).xlsx",189,0.203,"0",2016-07-19,9999-09-09,"0","VF HH",07:19:00,01:00:00,"1","NA","CECO",990,70.9090909090909,8,NA,"Shrubs_Summer17_AMRC_KindleFire_Sep12_1234",NA,"DONE","27.9","31","11","28.5","29.2",NA,70200
"223","ABCO","AMRC","AMRC-2",37,39,"2",NA,0,0,21,275,1.44,3.3,11,0.67,0.9,30,"same transects as 224","","","Data_Sheet_AMRC__2_JUL_19_2016(1).xlsx",190,0.321,"0",2016-07-19,9999-09-09,"0","VF HH",07:19:00,01:00:00,"1","NA","CECO",1060,68.2075471698113,8,42990,"Shrubs_Summer17_AMRC_2_Sep12",NA,"done","11.2","12.3","2.2999999999999998","1.8","1.3",NA,72300
"224","ABCO","AMRC","AMRC-2",33,32,"2",NA,0,0,21,275,1.18,2.76,8,0.66,0.71,25,"same transects as 223","","","Data_Sheet_AMRC__2_JUL_19_2016(1).xlsx",191,0.535,"0",2016-07-19,9999-09-09,"0","VF HH",07:19:00,01:00:00,"1","NA","CECO",1060,68.2075471698113,8,42990,"Shrubs_Summer17_AMRC_2_Sep12",NA,"done","10.1","10.5","2.2000000000000002","2.1","1",NA,72300
"225","ABCO","AMRC","AMRC-2",62,79,"2",NA,0,0,17,280,1.84,8.66,7,0.87,1.15,36,"","","","Data_Sheet_AMRC__2_JUL_19_2016(1).xlsx",192,0.38,"0",2016-07-19,9999-09-09,"0","VF HH",07:19:00,01:00:00,"1","NA","CECO",1050,67.4285714285714,8,NA,"Shrubs_Summer17_AMRC_KindleFire_Sep12_1234",NA,"DONE","17.5","17.7","12.9","15.2","10",NA,70800
"226","ABCO","AMRC","AMRC-2",42,40,"2",NA,0,0,11,282,1.64,2.72,9,0.75,0.91,33,"","","may be some sun on ""up"" measurements","Data_Sheet_AMRC__2_JUL_19_2016(1).xlsx",193,0.44,"0",2016-07-19,9999-09-09,"0","VF HH",07:19:00,01:00:00,"1","NA","CECO",870,73.448275862069,8,42990,"Shrubs_Summer17_AMRC_2_Sep12",NA,"done","16.5","16.600000000000001",NA,NA,"3.7","no current leader; no 2017 or 2016 growth measurements taken",63900
"227","ABCO","AMRC","AMRC-NE",53,62,"NE",1951,0,0,16,166,1.49,3.42,2,1.03,1.17,43,"same shrubs as 228","","","Data_Sheet_AMRC_NE_JUL_19_2016(1).xlsx",203,0.503,"0",2016-07-19,9999-09-09,"0","VF HH",10:40:00,01:00:00,"1","NA","CECO",950,60.6315789473684,8,NA,"Shrubs_Summer17_AMRC_2_Sep11",NA,"alive","18","16.8","6.3","5.3","4.4000000000000004",NA,57600
"228","ABCO","AMRC","AMRC-NE",84,86,"NE",1951,0,0,16,166,1.99,6.06,17,0.65,0.87,63,"same shrubs as 227","","","Data_Sheet_AMRC_NE_JUL_19_2016(1).xlsx",204,0.498,"0",2016-07-19,9999-09-09,"0","VF HH",10:40:00,01:00:00,"1","NA","CECO",950,60.6315789473684,8,NA,"Shrubs_Summer17_AMRC_2_Sep11",NA,"alive","20.6","20.9","6.7","6.9","6.9",NA,57600
"229","ABCO","AMRC","AMRC-NE",42,NA,"NE",1951,0,0,18,197,1.45,0.85,5,0.5,0.6,34,"","","","Data_Sheet_AMRC_NE_JUL_19_2016(1).xlsx",205,0.166,"0",2016-07-19,9999-09-09,"0","VF HH",10:40:00,01:00:00,"1","NA","CECO",1320,65.7575757575758,8,NA,NA,NA,"not found",NA,NA,NA,NA,NA,NA,86800
"230","ABCO","AMRC","AMRC-NE",48,64,"NE",1951,0,0,17,197,1.98,2.5,4,0.69,0.96,40,"forked 5 cm from base","same transects as 231","","Data_Sheet_AMRC_NE_JUL_19_2016(1).xlsx",206,0.432,"0",2016-07-19,9999-09-09,"0","VF HH",10:40:00,01:00:00,"1","NA","ARPA",750,69.8666666666667,8,NA,"Shrubs_Summer17_AMRC_KindleFire_Sep11",NA,"DONE","20.8","20.9","16.2","5.3","3.9",NA,52400
"231","ABCO","AMRC","AMRC-NE",50,64,"NE",1951,0,0,17,197,1.31,9.35,5,0.5,0.79,27,"","same transects as 230","","Data_Sheet_AMRC_NE_JUL_19_2016(1).xlsx",207,0.305,"0",2016-07-19,9999-09-09,"0","VF HH",10:40:00,01:00:00,"1","NA","ARPA",750,69.8666666666667,8,NA,"Shrubs_Summer17_AMRC_KindleFire_Sep11",NA,"DONE","14.9","14","9.4","10.9","10.6",NA,52400
"232","ABCO","AMRC","AMRC-NE",55,65,"NE",1951,0,0,17,197,0.89,6.6,2,0.38,0.6,45,"","","","Data_Sheet_AMRC_NE_JUL_19_2016(1).xlsx",208,0.095,"0",2016-07-19,9999-09-09,"0","VF HH",10:40:00,01:00:00,"1","NA","ARPA",860,75.8139534883721,8,NA,"Shrubs_Summer17_AMRC_KindleFire_Sep11",NA,"DONE","9.6","9.1999999999999993","3.7","6.2","7.7",NA,65200
"233","ABCO","AMRC","AMRC-NE",37,41,"NE",1951,0,0,16,190,0.89,8.74,9,0.57,0.61,24,"","","","Data_Sheet_AMRC_NE_JUL_19_2016(1).xlsx",209,0.158,"0",2016-07-19,9999-09-09,"0","VF HH",10:40:00,01:00:00,"1","NA","QUVA",940,53.7234042553191,8,NA,"Shrubs_Summer17_AMRC_KindleFire_Sep11",NA,"DONE","6.5","6.9","1.5","6.5","9.8000000000000007",NA,50500
"234","PIPO","AMRC","AMRC-NE",35,40,"NE",1951,0,0,20,197,1.51,3.39,9,0.77,1.01,22,"","","","Data_Sheet_AMRC_NE_JUL_19_2016(1).xlsx",210,0.183,"0",2016-07-19,9999-09-09,"0","VF HH",10:40:00,01:00:00,"1","NA","QUVA",610,36.2295081967213,8,NA,"Shrubs_Summer17_AMRC_KindleFire_Sep11",NA,"DONE","15.5","14","7","3.8","6.2",NA,22100
"235","ABCO","AMRC","AMRC-NE",32,30,"NE",1951,0,0,20,197,1.55,3.89,1,0.5,0.68,25,"same shrubs as 236","","","Data_Sheet_AMRC_NE_JUL_19_2016(1).xlsx",211,0.625,"0",2016-07-19,9999-09-09,"0","VF HH",10:40:00,01:00:00,"1","NA","ARPA",830,49.1566265060241,8,NA,"Shrubs_Summer17_AMRC_KindleFire_Sep11",NA,"DONE","13.5","13.3","2","3.8","3.2",NA,40800
"236","ABCO","AMRC","AMRC-NE",32,35,"NE",1951,0,0,20,197,1.11,3.98,1,0.27,0.42,29,"same shrubs as 235","forked","","Data_Sheet_AMRC_NE_JUL_19_2016(1).xlsx",212,0.42,"0",2016-07-19,9999-09-09,"0","VF HH",10:40:00,01:00:00,"1","NA","ARPA",830,49.1566265060241,8,NA,"Shrubs_Summer17_AMRC_KindleFire_Sep11",NA,"DONE","9","9","1.8","4.8","4.9000000000000004",NA,40800
"237","PIPO","AMRC","AMRC-NE",62,56,"NE",1951,0,0,18,198,1.28,7.44,20,0.83,0.85,39,"same shrubs as 238","","","Data_Sheet_AMRC_NE_JUL_19_2016(1).xlsx",213,0.549,"0",2016-07-19,9999-09-09,"0","VF HH",10:40:00,01:00:00,"1","NA","QUVA",930,53.6559139784946,8,NA,"Shrubs_Summer17_AMRC_2_Sep11",NA,"dead","9.4","9.8000000000000007","14","7","9.5","see ek notes on paper data sheet for dead seedling data; photo timestamp - 3:36 pm (9/11/17)",49900
"238","PIPO","AMRC","AMRC-NE",61,56,"NE",1951,0,0,18,198,1.62,10.34,24,0.85,1.15,42,"same shrubs as 237","","","Data_Sheet_AMRC_NE_JUL_19_2016(1).xlsx",214,0.45,"0",2016-07-19,9999-09-09,"0","VF HH",10:40:00,01:00:00,"1","NA","QUVA",930,53.6559139784946,8,NA,"Shrubs_Summer17_AMRC_2_Sep11",NA,"dead","12","12.9","7.6","9.3000000000000007","9.6999999999999993","see ek notes on paper data sheet for dead seedling data; photo timestamp - 3:35 pm (9/11/17)",49900
"239","PIPO","AMRC","AMRC-NE",46,49,"NE",1951,0,0,17,187,1.62,7.98,15,0.84,1.12,32,"","","","Data_Sheet_AMRC_NE_JUL_19_2016(1).xlsx",215,0.627,"0",2016-07-19,9999-09-09,"0","VF HH",10:40:00,01:00:00,"1","NA","ARPA",940,77.1276595744681,8,NA,"Shrubs_Summer17_AMRC_2_Sep11",NA,"alive","15.9","15.5","6.2","2.4","4.9000000000000004",NA,72500
"240","ABCO","AMRC","AMRC-NE",56,51,"NE",1951,0,0,17,187,1.66,2.77,3,0.35,0.51,51,"","","","Data_Sheet_AMRC_NE_JUL_19_2016(1).xlsx",216,0.454,"0",2016-07-19,9999-09-09,"0","VF HH",10:40:00,01:00:00,"1","NA","ARPA",1040,63.4615384615385,8,NA,"Shrubs_Summer17_AMRC_2_Sep11",NA,"dead","14","14.8","2.5","2.6","6.7","see ek notes on paper data sheet for dead seedling data; photo timestamp - 3:24 pm (9/11/17)",66000
"241","PIPO","AMRC","AMRC-NE",48,40,"NE",1951,0,0,17,187,0.98,6.74,8,0.62,0.69,30,"","","","Data_Sheet_AMRC_NE_JUL_19_2016(1).xlsx",217,0.215,"0",2016-07-19,9999-09-09,"0","VF HH",10:40:00,01:00:00,"1","NA","ARPA",810,68.8888888888889,8,NA,"Shrubs_Summer17_AMRC_2_Sep11",NA,"dead","8.8000000000000007","8.9","9.3000000000000007","6","6.7","see ek notes on paper data sheet for dead seedling data; photo timestamp - 3:07 pm (9/11/17)",55800
"242","ABCO","AMRC","AMRC-NE",32,29,"NE",1940,0,0,20,196,0.93,2.03,10,0.38,0.51,29,"same shrubs as 243","","full moon out for first half of light measurements, refer to picture","Data_Sheet_AMRC_NE_JUL_20_16",218,0.223,"0",2016-07-20,9999-09-09,"0","VF HH",01:00:00,01:00:00,"1","NA","ARPA",900,59.3333333333333,8,NA,"Shrubs_Summer17_AMRC_2_Sep11",NA,"alive","6.2","6.4","0.9","1.6","0.5",NA,53400
"243","ABCO","AMRC","AMRC-NE",28,26,"NE",1940,0,0,20,196,1.13,3.15,6,0.38,0.97,20,"same shrubs as 242","","full moon out for first half of light measurements, refer to picture","Data_Sheet_AMRC_NE_JUL_20_16",219,0.28,"0",2016-07-20,9999-09-09,"0","VF HH",01:00:00,01:00:00,"1","NA","ARPA",900,59.3333333333333,8,NA,"Shrubs_Summer17_AMRC_2_Sep11",NA,"alive","7.2","8.6","1.8","5","1.8",NA,53400
"244","PIPO","AMRC","AMRC-NE",22,20,"NE",1940,0,0,20,196,0.89,1.28,6,0.62,0.67,16,"","","full moon out for first half of light measurements, refer to picture","Data_Sheet_AMRC_NE_JUL_20_16",220,0.481,"0",2016-07-20,9999-09-09,"0","VF HH",01:00:00,01:00:00,"1","NA","ARPA",720,69.3055555555556,8,NA,"Shrubs_Summer17_AMRC_2_Sep11",NA,"alive","7.2","6.5","4","3.2","1",NA,49900
"245","ABCO","AMRC","AMRC-NE",45,45,"NE",1940,0,0,16,202,0.7,9.35,1,0.4,0.51,30,"","","full moon out for first half of light measurements, refer to picture","Data_Sheet_AMRC_NE_JUL_20_16",221,0.086,"0",2016-07-20,9999-09-09,"0","VF HH",01:00:00,01:00:00,"1","NA","CECO",1020,54.0196078431373,8,NA,"Shrubs_Summer17_AMRC_2_Sep11",NA,"alive","6.6","6.7","3.1","7.9","9.3000000000000007",NA,55100
"246","ABCO","AMRC","AMRC-NE",65,65,"NE",1940,0,0,18,192,1.51,9.73,2,0.5,0.73,46,"same shrubs as 247","","full moon out for first half of light measurements, refer to picture","Data_Sheet_AMRC_NE_JUL_20_16",223,0.313,"0",2016-07-20,9999-09-09,"0","VF HH",01:00:00,01:00:00,"1","NA","CECO",1190,45.0420168067227,8,NA,"Shrubs_Summer17_AMRC_KindleFire_Sep11",NA,"DONE","14.1","15.1","5","9.6","10",NA,53600
"247","ABCO","AMRC","AMRC-NE",34,35.8,"NE",1940,0,0,18,192,0.94,2.11,3,0.49,0.74,25,"same shrubs as 246","","full moon out for first half of light measurements, refer to picture","Data_Sheet_AMRC_NE_JUL_20_16",224,0.067,"0",2016-07-20,9999-09-09,"0","VF HH",01:00:00,01:00:00,"1","NA","CECO",1190,45.0420168067227,8,NA,"Shrubs_Summer17_AMRC_KindleFire_Sep11",NA,"DONE","7.4","6.8","0.4","2.8","2.6",NA,53600
"248","ABCO","AMRC","AMRC-NE",37,36,"NE",1940,0,0,18,202,0.68,2.63,5,0.3,0.38,30,"same shrubs as 249","","full moon out for first half of light measurements, refer to picture","Data_Sheet_AMRC_NE_JUL_20_16",225,0.114,"0",2016-07-20,9999-09-09,"0","VF HH",01:00:00,01:00:00,"1","NA","CECO",1080,48.2407407407407,8,NA,"Shrubs_Summer17_AMRC_KindleFire_Sep11",NA,"DONE","5.2","4.4000000000000004","3.4","4.4000000000000004","2.9",NA,52100
"249","ABCO","AMRC","AMRC-NE",45,43,"NE",1940,0,0,18,202,0.94,4.49,15,0.37,0.52,29,"same shrubs as 248","","full moon out for first half of light measurements, refer to picture","Data_Sheet_AMRC_NE_JUL_20_16",226,0.146,"0",2016-07-20,9999-09-09,"0","VF HH",01:00:00,01:00:00,"1","NA","CECO",1080,48.2407407407407,8,NA,"Shrubs_Summer17_AMRC_KindleFire_Sep11",NA,"DONE","5.8","6.5","5.0999999999999996","6.1","4.2",NA,52100
"250","ABCO","AMRC","AMRC-3",38,41,"3",NA,0,0,4,14,1.2,1.45,9,0.4,0.54,24,"","","","Data_Sheet_AMRC_3_JUL_20_2016(1).xlsx",227,0.496,"0",2016-07-20,9999-09-09,"0","VF HH",10:35:00,01:00:00,"1","NA","ARPA",740,73.6486486486486,8,NA,"Shrubs_Summer17_AMRC_2_Sep12",NA,"done","12.5","12","10.199999999999999","7.6","1.4","basal diameters measured above wound at base",54500
"251","PIPO","AMRC","AMRC-3",28,25,"3",NA,0,0,2,14,0.63,2.8,15,0.55,0.61,20,"","","","Data_Sheet_AMRC_3_JUL_20_2016(1).xlsx",228,0.407,"0",2016-07-20,9999-09-09,"0","VF HH",10:35:00,01:00:00,"1","NA","CECO",600,56.8333333333333,8,NA,"Shrubs_Summer17_AMRC_2_Sep12",NA,"done","5","5","7.3","5.2","3.8",NA,34100
"252","ABCO","AMRC","AMRC-3",29,35,"3",NA,0,0,2,14,1.17,0.98,11,0.46,0.55,25,"","","","Data_Sheet_AMRC_3_JUL_20_2016(1).xlsx",229,0.353,"0",2016-07-20,9999-09-09,"0","VF HH",10:35:00,01:00:00,"1","NA","ARPA",640,58.4375,8,NA,"Shrubs_Summer17_AMRC_2_Sep12",NA,"done","9.9","9.6999999999999993","4.9000000000000004","3.4","1.2",NA,37400
"253","ABCO","AMRC","AMRC-3",56,62,"3",NA,0,0,6,324,1.25,14.19,5,0.76,0.93,29,"same shrubs as 254","","","Data_Sheet_AMRC_3_JUL_20_2016(1).xlsx",230,0.371,"0",2016-07-20,9999-09-09,"0","VF HH",10:35:00,01:00:00,"1","NA","CECO",790,68.7341772151899,8,NA,"Shrubs_Summer17_AMRC_KindleFire_Sep12_1234",NA,"DONE","12.6","15.7","4.5","12.6","15",NA,54300
"254","ABCO","AMRC","AMRC-3",62,72,"3",NA,0,0,6,324,1.7,16.75,3,0.76,1.24,41,"same shrubs as 253","","","Data_Sheet_AMRC_3_JUL_20_2016(1).xlsx",231,0.369,"0",2016-07-20,9999-09-09,"0","VF HH",10:35:00,01:00:00,"1","NA","CECO",790,68.7341772151899,8,NA,"Shrubs_Summer17_AMRC_KindleFire_Sep12_1234",NA,"DONE","20.5","22.2","10.199999999999999","5.2","17.600000000000001",NA,54300
"255","ABCO","AMRC","AMRC-3",38,40,"3",NA,0,0,7,336,1.24,1.37,4,0.41,0.6,29,"","","","Data_Sheet_AMRC_3_JUL_21_2016.xlsx",232,0.098,"0",2016-07-21,9999-09-09,"0","VF HH",06:25:00,01:00:00,"1","NA","CECO",890,84.4943820224719,8,NA,"Shrubs_Summer17_AMRC_KindleFire_Sep12_1234",NA,"DONE","11.9","11.7","5.2","5.3","1.8",NA,75200
"256","ABCO","AMRC","AMRC-3",48,55,"3",NA,0,0,5,342,1.32,5.09,5,0.62,0.8,29,"","","","Data_Sheet_AMRC_3_JUL_20_2016(1).xlsx",233,0.13,"0",2016-07-20,9999-09-09,"0","VF HH",10:35:00,01:00:00,"1","NA","CECO",710,77.0422535211268,8,NA,"Shrubs_Summer17_AMRC_2_Sep12",NA,"done","13.6","14","7","13.7","5.7",NA,54700
"257","ABCO","AMRC","AMRC-3",34,39,"3",NA,0,0,5,342,1.21,3.58,7,0.68,0.84,23,"","","","Data_Sheet_AMRC_3_JUL_20_2016(1).xlsx",234,0.328,"0",2016-07-20,9999-09-09,"0","VF HH",10:35:00,01:00:00,"1","NA","CECO",780,73.2051282051282,8,NA,"Shrubs_Summer17_AMRC_2_Sep12",NA,"done","11.7","11.6","6.2","7.3","4.5999999999999996",NA,57100
"258","ABCO","AMRC","AMRC-3",56,62,"3",NA,0,0,4,341,1.65,13.05,1,0.7,0.98,27,"","","","Data_Sheet_AMRC_3_JUL_21_2016.xlsx",235,0.302,"0",2016-07-21,9999-09-09,"0","VF HH",06:25:00,01:00:00,"1","NA","CECO",880,65,8,NA,"Shrubs_Summer17_AMRC_2_Sep12",NA,"done","19.100000000000001","17.5","4","15.6","12.9",NA,57200
"259","PIPO","AMRC","AMRC-3",38,59,"3",NA,0,0,4,340,1.05,8.78,2,0.78,0.75,17,"diameters double checked. forked at 2016 node","","","Data_Sheet_AMRC_3_JUL_21_2016.xlsx",236,0.19,"0",2016-07-21,9999-09-09,"0","VF HH",06:25:00,01:00:00,"1","NA","CECO",830,43.9759036144578,8,NA,"Shrubs_Summer17_AMRC_2_Sep12",NA,"done","10.4","9.9","20.2","13.3",NA,"leader died in 2015, so no 2015 growth measurement taken",36500
"260","PIPO","AMRC","AMRC-3",25,29,"3",NA,0,0,2,346,0.82,2.77,20,0.53,0.67,15,"","","","Data_Sheet_AMRC_3_JUL_21_2016.xlsx",237,0.52,"0",2016-07-21,9999-09-09,"0","VF HH",06:25:00,01:00:00,"1","NA","ARPA",780,53.0769230769231,8,NA,"Shrubs_Summer17_AMRC_2_Sep12",NA,"done","7.6","7.7","4.5999999999999996","5.5","2.6",NA,41400
"262","PIPO","AMRC","AMRC-3",65,67,"3",NA,0,0,3,350,1.72,10.9,24,1.16,1.21,40,"","","","Data_Sheet_AMRC_3_JUL_21_2016.xlsx",239,0.57,"0",2016-07-21,9999-09-09,"0","VF HH",06:25:00,01:00:00,"1","NA","CECO",940,54.6808510638298,8,NA,"Shrubs_Summer17_AMRC_KindleFire_Sep12_1234",NA,"DONE","13.9","13.8","3.6","14.8","12.2",NA,51400
"263","ABCO","AMRC","AMRC-3",79,91,"3",NA,0,0,3,347,1.84,11.29,1,0.86,1.21,45,"CECO above as well, ht 92","","","Data_Sheet_AMRC_3_JUL_21_2016.xlsx",241,0.198,"0",2016-07-21,9999-09-09,"0","VF HH",06:25:00,01:00:00,"1","NA","CECO",1020,70.3921568627451,8,NA,"Shrubs_Summer17_AMRC_2_Sep12",NA,"done","20.7","21.5","13.6","19.2","12.9",NA,71800
"264","ABCO","AMRC","AMRC-3",51,63,"3",NA,0,0,3,347,1.6,3.27,2,0.61,0.86,30,"","","","Data_Sheet_AMRC_3_JUL_21_2016.xlsx",242,0.227,"0",2016-07-21,9999-09-09,"0","VF HH",06:25:00,01:00:00,"1","NA","ARPA",970,75.979381443299,8,NA,"Shrubs_Summer17_AMRC_2_Sep12",NA,"done","12.4","12.6","10.4","15.2","4",NA,73700
"265","ABCO","AMRC","AMRC-3",26,30,"3",NA,0,0,3,347,0.89,1.47,2,0.47,0.54,18,"","","","Data_Sheet_AMRC_3_JUL_21_2016.xlsx",243,0.134,"0",2016-07-21,9999-09-09,"0","VF HH",06:25:00,01:00:00,"1","NA","CECO",1110,77.1171171171171,8,NA,"Shrubs_Summer17_AMRC_2_Sep12",NA,"done","4.7","4.8","2.2000000000000002","4.9000000000000004","1.2",NA,85600
"153","PIPO","FRDS","FRDS-SE",57,52,"SE",1316,738851,4298772,20,253,1.15,9.21,15,0,0,NA,"","","","Data_Sheet_FRDS_SE_JUL_1",161,0.414,"0",2016-07-01,9999-09-09,"0","CT vf",08:09:00,01:00:00,"0","NA","CHFO",890,36.9662921348315,12,NA,"Shrubs_Summer17_Sep1_iPad","Freds Aerial SE","DONE","15","14","6.4","11.3","5.9","unsure",32900
"155","PIPO","FRDS","FRDS-SE",45,NA,"SE",1316,738851,4298772,21,190,0.91,4.2,10,0,0,NA,"slope and aspect added from Varya notebook","north up measurements taken at 260 cm","","Data_Sheet_FRDS_SE_JUL_1",164,0.309,"0",2016-07-01,9999-09-09,"0","CT vf",08:09:00,01:00:00,"0","NA","CHFO",1040,89.3269230769231,12,NA,"Shrubs_Summer17_Sep1_iPad","Freds Aerial SE","eaten",NA,NA,NA,NA,NA,"got eaten, exclude",92900
"194","PIPO","FRDS","FRDS-SE",67,76,"SE",1366,0,0,19,220,2.63,7.42,30,1.45,1.61,40,"PIPO with none above","","","Data_Sheet_FRDS_SE_JUL_8_2016",163,0.733,"0",2016-07-08,9999-09-09,"0","vf hh",07:33:00,01:00:00,"0","NA","CHFO",750,88.6666666666667,12,NA,"Shrubs_Summer17_Sep1_iPad","Freds Aerial SE","DONE","30.6","30.8","10.7","16.600000000000001","8.8000000000000007",NA,66500
"195","PIPO","FRDS","FRDS-SE",182,NA,"SE",1366,0,0,20,187,3.2,20.3,40,1.7,1.84,125,"PIPO with quercus chrysolepis (best guess)","","","Data_Sheet_FRDS_SE_JUL_8_2016",166,0.175,"0",2016-07-08,9999-09-09,"0","vf hh",07:33:00,01:00:00,"0","NA","other",1020,173.039215686275,12,NA,"Shrubs_Summer17_Sep1_iPad","Freds Aerial SE","dead",NA,NA,NA,NA,"0.630.810.716.68.8","DEAD",176500
"196","PIPO","FRDS","FRDS-SE",60,71,"SE",1366,0,0,15,220,1.72,18.03,20,1.4,1.66,20,"PIPO with none above","","","Data_Sheet_FRDS_SE_JUL_8_2016",168,0.786,"0",2016-07-08,9999-09-09,"0","vf hh",07:33:00,01:00:00,"0","NA","CHFO",470,29.1489361702128,12,NA,"Shrubs_Summer17_Sep1_iPad","Freds Aerial SE","unsure","15.9","16.8","4.9000000000000004","17.3","8.1999999999999993","unsure if this is really 196",13700
"197","PIPO","FRDS","FRDS-SE",158,211,"SE",1366,0,0,18,185,6.55,31.1,50,1.97,2.46,89,"PIPO. none above","","","Data_Sheet_FRDS_SE_JUL_8_2016",0,0,"0",2016-07-08,9999-09-09,"0","vf hh",07:33:00,01:00:00,"0","NA","CHFO",520,55.3846153846154,12,NA,"Shrubs_Summer17_Sep1_iPad","Freds Aerial SE","DONE","3.22 in","3.53 in","53","25.5","21.7",NA,28800
"198","PIPO","FRDS","FRDS-SE",88,104,"SE",1366,0,0,15,197,2.47,13.05,40,1.66,1.8,52,"PIPO. none above","52 cm height to 2015 d","","Data_Sheet_FRDS_SE_JUL_8_2016",0,0,"0",2016-07-08,9999-09-09,"0","vf hh",07:33:00,01:00:00,"0","NA","CHFO",780,53.5897435897436,12,NA,"Shrubs_Summer17_Sep1_iPad","Freds Aerial SE","DONE","1.10 in","1.22 in","14.7","18.600000000000001","13.9",NA,41800
"26","PIPO","FRDS","FRDS-A",90,111,"A",NA,734550,4296666,18,130,1.6,9,0,1.14,1.29,NA,"return"," combine with other seedling 26 row","north up held at 270cm, south up held at 285cm","Data_Sheet_FRDS_Jun10_2",254,0.332,"0",2016-06-10,2016-07-27,"VF HH","CT jb ",12:00:00,12:30:00,"1","NA","CEIN",1200,178.333333333333,12,42983,"Shrubs_Summer17_Freds_KindleFire_Sep5_done",NA,"DONE","20.8","19.8","8.6","13.2","8.6",NA,214000
"27","PIPO","FRDS","FRDS-A",72,77,"A",NA,734550,4296666,3,80,4.6,8.5,0,0.68,1,NA,"return"," combine with other seedling 27 row","all up measurements held at 350cm, discard 2nd north up measurement","Data_Sheet_FRDS_Jun10_2",255,0.208,"0",2016-06-10,2016-07-27,"VF HH","CT jb ",12:00:00,12:30:00,"1","NA","CEIN",1180,193.559322033898,12,42983,"Shrubs_Summer17_Freds_KindleFire_Sep5_done",NA,"DONE","18.7","18.2","6.9","9.6","8.1999999999999993",NA,228400
"20","PIPO","FRDS","FRDS-JB",81,NA,"JB",1568,732837,4296459,18,90,2.5,19.5,0,0,0,NA,"no return no light. near a stream","","","Data_Sheet_FRED_Jun10",0,0,"0",2016-06-10,9999-09-09,"0","CT jb ",08:39:00,01:00:00,"0","NA",NA,480,83.9583333333333,12,NA,NA,NA,"not found",NA,NA,NA,NA,NA,NA,40300
"21","PIPO","FRDS","FRDS-JB",83,NA,"JB",1568,732837,4296459,18,90,2.7,20.5,0,0,0,NA,"no return no light. near a stream","","","Data_Sheet_FRED_Jun10",0,0,"0",2016-06-10,9999-09-09,"0","CT jb ",08:39:00,01:00:00,"0","NA",NA,480,83.9583333333333,12,NA,NA,NA,"not found",NA,NA,NA,NA,NA,NA,40300
"22","PIPO","FRDS","FRDS-JB",91,NA,"JB",1568,732837,4296459,18,90,2.3,12.5,0,0,0,NA,"no return no light. near a stream","","","Data_Sheet_FRED_Jun10",0,0,"0",2016-06-10,9999-09-09,"0","CT jb ",08:39:00,01:00:00,"0","NA","PREM",600,126.5,12,NA,NA,NA,"not found",NA,NA,NA,NA,NA,NA,75900
"23","PIPO","FRDS","FRDS-JB",41,NA,"JB",1568,732837,4296459,18,90,1.6,9.5,0,0,0,NA,"no return no light. near a stream","","","Data_Sheet_FRED_Jun10",0,0,"0",2016-06-10,9999-09-09,"0","CT jb ",08:39:00,01:00:00,"0","NA","CEIN",680,146.029411764706,12,NA,NA,NA,"not found",NA,NA,NA,NA,NA,NA,99300
"125W","ABCO","WRTS","WRTS-1",222,252,"1",2112,738851,4298772,18,60,6.035,9.65,80,0,0,NA,"","","","Data_Sheet_WRTS_1_JUN_29_4",0,0,"0",2016-06-29,9999-09-09,"0","CT VF",01:00:00,01:00:00,"0","NA","CECO",1430,135.454545454545,35,42983,"Shrubs_Summer17_Wrights_KindleFire_Sep5","Wrights - Aerial - 1","DONE","79","79","11","12","21","diameter taken with dbh tape",193700
