"Sdlg","Species","Fire","FirePatch","Ht2016.cm","Ht2017.cm","Elevation","Slope.Deg","Aspect.deg","BasDia2016.cm","LastYearGrth.cm","Light_File","DIFN.all","ImmedAboveSpp","ImmedAboveHt.cm","ShrubSpp01","ShrubSpp02","ShrubSpp03","Cov1","Cov2","Cov3","Ht1","Ht2","Ht3","Cov1.2","Cov1.3","Ht1.2","Ht1.3","Genus","ShrG1","IAG","Years","Date","LAI","DIFN.53","DataSheet2017","Map","Status","BasDia2017.mm.1","BasDia2017.mm.2","Growth_17","Growth_16","Growth_15","notes","shrubarea1","shrubarea2","shrubarea3","soil_type_dom","soil_series","soil_order","soil_suborder"
"2","PIPO","CLVD","CLVD-N",143,186,1631,18,2,3.44,6.7,"4",0.031,"none",0,"ARPA","ARPA","ARPA",300,630,440,103.125,112.222222222222,99.375,930,1370,107.673611111111,104.907407407407,"Pinus","Arcto","Other",24,"20160527 08:38:47",6.2,0.031,NA,"Cleveland Lines - N","DONE","30.7","32.299999999999997","14.5","6.6","7.5","height measured wrong in 2016, very bendy",30937.5,100136.458333333,143723.148148148,"Jocal","153","Ultisol","Xerult"
"4","PIPO","CLVD","CLVD-N",88,87,1631,18,2,1.85,3.09,"18",0.366,"ARPA",180,"ARPA","ARPA","ARPA",490,440,520,91.1111111111111,80.7142857142857,98.5714285714286,930,1450,85.9126984126984,90.1322751322751,"Pinus","Arcto","Arcto",24,"20160610 05:06:53",1.53,0.37,NA,"Cleveland Lines - N","DONE","16.600000000000001","16.600000000000001","3.2","6.1","3.1","basal diameters measured with diameter tape",44644.4444444444,79898.8095238095,130691.798941799,"Jocal","153","Ultisol","Xerult"
"5","PIPO","CLVD","CLVD-N",191,217,1631,14,2,6.19,19,"21",0.406,"none",0,"CHSE","CHSE","ARPA",260,310,430,70,71.875,80,570,1000,70.9375,73.9583333333333,"Pinus","CHSE","Other",24,"20160610 05:22:51",1.28,0.423,NA,"Cleveland Lines - N","DONE","79","79","12.5","24.8","20.5",NA,18200,40434.375,73958.3333333333,"Jocal","153","Ultisol","Xerult"
"6","ABCO","CLVD","CLVD-N",9.45,14,1631,22,85,0.3,1.92,"16",0.296,"ARPA",200,"ARPA","ARPA","ARPA",400,490,290,116.666666666667,125.833333333333,95.8333333333333,890,1180,121.25,112.777777777778,"Abies","Arcto","Arcto",24,"20160531 20:32:01",1.67,0.331,NA,"Cleveland Lines - N","DONE","3.7","4.0999999999999996",NA,NA,"2.1","leader died, no vertical growth measurements for 2017 and 2016",46666.6666666668,107912.5,133077.777777778,"Jocal","153","Ultisol","Xerult"
"8","PIPO","CLVD","CLVD-N",110,229,1632,NA,NA,7.2,16,"13",0.909,"none",0,"CEIN","CEIN","CEIN",370,450,280,75.5555555555556,110,104,820,1100,92.7777777777778,96.5185185185185,"Pinus","Ceanothus","Other",24,"20160531 19:48:46",0.15,0.909,NA,"Cleveland Lines - N","DONE","79","85","11.5","15","17.5","height measured incorrectly in 2016",27955.5555555556,76077.7777777778,106170.37037037,"Jocal","153","Ultisol","Xerult"
"9","ABCO","CLVD","CLVD-N",146,175,1632,NA,NA,3.52,18,"15,26",0.283,"ARPA",190,"ARPA","ARPA","ARPA",400,540,500,100,96.6666666666667,146.666666666667,940,1440,98.3333333333333,114.444444444444,"Abies","Arcto","Arcto",24,NA,NA,0.298,NA,"Cleveland Lines - N","DONE","40.299999999999997","39.799999999999997","11.5","23.3","17.7",NA,40000,92433.3333333333,164799.999999999,"Jocal","153","Ultisol","Xerult"
"10","PIPO","CLVD","CLVD-N",163,185,1632,NA,NA,5.86,23,"27",0.325,"none",0,"CEIN","CEIN","ARPA",330,400,420,90,83.75,115.714285714286,730,1150,86.875,96.4880952380952,"Pinus","Ceanothus","Other",24,"20160610 05:52:22",1.77,0.386,NA,"Cleveland Lines - N","DONE","69.8","64.5","14","25","23.3",NA,29700,63418.75,110961.309523809,"Jocal","153","Ultisol","Xerult"
"11","PIPO","CLVD","CLVD-N",27,27,1632,NA,NA,0.9,2.64,"24",0.245,"CEIN",50,"CEIN","CEIN","ARPA",400,530,370,70,93.75,120,930,1300,81.875,94.5833333333333,"Pinus","Ceanothus","Ceanothus",24,"20160610 05:38:41",1.99,0.287,NA,"Cleveland Lines - N","DONE","4.3","4.5999999999999996","1.8","3.7","3",NA,28000,76143.75,122958.333333333,"Jocal","153","Ultisol","Xerult"
"12","ABCO","CLVD","CLVD-N",123,157,1632,NA,NA,4.24,16.3,"28",0.966,"none",0,"CEPR","CEPR","CEPR",350,160,300,9,5,19,510,810,7,11,"Abies","Ceanothus","Other",24,"20160610 05:57:28",0.01,0.991,NA,"Cleveland Lines - N","DONE","52.8","56.2","17.2","17.7","17",NA,3150,3570,8910,"Jocal","153","Ultisol","Xerult"
"13","ABCO","CLVD","CLVD-N",11.8,15,1632,NA,NA,0.65,2.1,"",NA,"none",0,"CEPR","CEPR","CEPR",380,160,300,14.1666666666667,5,19,540,840,9.58333333333333,12.7222222222222,"Abies","Ceanothus","Other",24,NA,NA,NA,NA,"Cleveland Lines - N","DONE","4.0999999999999996","3.9","0.6","1.4","1.2","appears browsed",5383.33333333335,5175,10686.6666666666,"Jocal","153","Ultisol","Xerult"
"15","ABCO","CLVD","CLVD-N",46,62,1632,NA,NA,1.28,7.9,"25",0.606,"none",0,"CEPR","CEPR","CEPR",570,420,340,27,56.4285714285714,72.5,990,1330,41.7142857142857,51.9761904761905,"Abies","Ceanothus","Other",24,"20160610 05:42:30",0.54,0.719,NA,"Cleveland Lines - N","DONE","14.2","14.4","6","8","7.8","branch has become new leader",15390,41297.1428571428,69128.3333333334,"Jocal","153","Ultisol","Xerult"
"20","PIPO","FRDS","FRDS-JB",81,NA,1568,18,90,2.5,19.5,"",NA,"none",0,"PREM","CEIN","CECO",10,80,200,36.6666666666667,60,65,90,290,48.3333333333333,53.8888888888889,"Pinus","Other","Other",35,NA,NA,NA,NA,NA,"not found",NA,NA,NA,NA,NA,NA,366.666666666667,4350,15627.7777777778,"0","149","Alfisol","Xeralf"
"21","PIPO","FRDS","FRDS-JB",83,NA,1568,18,90,2.7,20.5,"",NA,"none",0,"PREM","CEIN","CECO",10,80,200,36.6666666666667,60,65,90,290,48.3333333333333,53.8888888888889,"Pinus","Other","Other",35,NA,NA,NA,NA,NA,"not found",NA,NA,NA,NA,NA,NA,366.666666666667,4350,15627.7777777778,"0","149","Alfisol","Xeralf"
"22","PIPO","FRDS","FRDS-JB",91,NA,1568,18,90,2.3,12.5,"",NA,"PREM",100,"PREM","PREM","PREM",200,190,170,66,78,106.666666666667,390,560,72,83.5555555555556,"Pinus","Other","Other",35,NA,NA,NA,NA,NA,"not found",NA,NA,NA,NA,NA,NA,13200,28080,46791.1111111111,"0","149","Alfisol","Xeralf"
"23","PIPO","FRDS","FRDS-JB",41,NA,1568,18,90,1.6,9.5,"",NA,"PREM",100,"PREM","PREM","CEIN",250,210,200,131.666666666667,98,126.666666666667,460,660,114.833333333333,118.777777777778,"Pinus","Other","Other",35,NA,NA,NA,NA,NA,"not found",NA,NA,NA,NA,NA,NA,32916.6666666668,52823.3333333332,78393.3333333335,"0","149","Alfisol","Xeralf"
"26","PIPO","FRDS","FRDS-A",90,111,NA,18,130,1.6,9,"254",0.332,"CEIN",210,"CEIN","CEIN","CEIN",310,410,330,210,176,187.5,720,1050,193,191.166666666667,"Pinus","Ceanothus","Ceanothus",35,"20160728 05:43:22",1.57,0.361,"Shrubs_Summer17_Freds_KindleFire_Sep5_done",NA,"DONE","20.8","19.8","8.6","13.2","8.6",NA,65100,138960,200725,"0","108","Inceptisol","Xerept"
"27","PIPO","FRDS","FRDS-A",72,77,NA,3,80,4.6,8.5,"255",0.208,"CEIN",200,"CEIN","CEIN","CEIN",400,300,330,225,193.333333333333,200,700,1030,209.166666666667,206.111111111111,"Pinus","Ceanothus","Ceanothus",35,"20160728 05:51:09",2.15,0.243,"Shrubs_Summer17_Freds_KindleFire_Sep5_done",NA,"DONE","18.7","18.2","6.9","9.6","8.1999999999999993",NA,90000,146416.666666667,212294.444444444,"0","108","Inceptisol","Xerept"
"36","PIPO","AMCR","AMCR-NW",32,45,1598,28,250,1.35,5.57,"31",0,"none",0,"none","LIDE","LIDE",0,50,110,0,7.5,15,50,160,3.75,7.5,"Pinus","Other","Other",8,"20160622 05:08:28",0,0,"Shrubs_Summer17_AMRC_KindleFire_Sep11",NA,"DONE","16.399999999999999","17.399999999999999","9.8000000000000007","8.6","9.1",NA,0,187.5,1200,"McCarthy","SMG","Inceptisol","Xerept"
"38","PIPO","AMCR","AMCR-NW",24,21,1598,28,250,1.21,3.6,"33",0.86,"none",0,"none","none","LIDE",0,0,150,0,0,32.5,0,150,0,10.8333333333333,"Pinus","Other","Other",8,"20160622 05:12:37",0.1,0.936,"Shrubs_Summer17_AMRC_2_Sep11",NA,"alive","12.8","12.1","4.3","2.9","1.7","leader died in 2014; shaped like an octopus",0,0,1624.99999999999,"McCarthy","SMG","Inceptisol","Xerept"
"39","PIPO","AMCR","AMCR-NW",50,63,1598,28,250,1.7,4.29,"34",0.714,"none",0,"none","LIDE","LIDE",0,70,180,0,22.5,50,70,250,11.25,24.1666666666667,"Pinus","Other","Other",8,"20160622 05:14:35",0.42,0.765,"Shrubs_Summer17_AMRC_2_Sep11",NA,"alive","18.600000000000001","19.899999999999999","11.6","4.2","8.9",NA,0,787.5,6041.66666666668,"McCarthy","SMG","Inceptisol","Xerept"
"40","PIPO","AMCR","AMCR-NW",22,26,1598,28,250,0.68,2.81,"35",0.708,"none",0,"LIDE","LIDE","LIDE",100,230,200,37.5,47.5,57.5,330,530,42.5,47.5,"Pinus","LIDE","Other",8,"20160622 05:16:30",0.43,0.756,"Shrubs_Summer17_AMRC_2_Sep11",NA,"alive","6.8","6.8","2.8","5.3","2.6",NA,3750,14025,25175,"McCarthy","SMG","Inceptisol","Xerept"
"41","PIPO","AMCR","AMCR-NW",91,103,1598,22,270,3.5,11.12,"36",0.369,"none",0,"LIDE","LIDE","LIDE",40,200,340,15,42.5,58,240,580,28.75,38.5,"Pinus","LIDE","Other",8,"20160622 05:18:30",1.4,0.446,"Shrubs_Summer17_AMRC_2_Sep11",NA,"alive","38.1","39.700000000000003","12.6","16.600000000000001","11.5",NA,600,6900,22330,"McCarthy","SMG","Inceptisol","Xerept"
"42","PIPO","AMCR","AMCR-NW",42,51,1598,22,270,1.09,10.5,"37",0.093,"UNKNOAK",40,"LIDE","LIDE","LIDE",250,260,330,48,70,66,510,840,59,61.3333333333333,"Pinus","LIDE","Other",8,"20160622 05:20:30",3.4,0.106,"Shrubs_Summer17_AMRC_2_Sep11",NA,"alive","11","10.8","11.7","13","9.9",NA,12000,30090,51520,"McCarthy","SMG","Inceptisol","Xerept"
"43","PIPO","AMCR","AMCR-NW",12,15,1598,6,287,0.53,3.59,"38",0.559,"none",0,"LIDE","LIDE","LIDE",20,100,140,12.5,20,50,120,260,16.25,27.5,"Pinus","LIDE","Other",8,"20160622 05:23:41",0.8,0.624,"Shrubs_Summer17_AMRC_2_Sep11",NA,"alive","5.3","5.4","3.5","3.4","3.4",NA,250,1950,7150,"McCarthy","SMG","Inceptisol","Xerept"
"44","PIPO","AMCR","AMCR-NW",18,20,1598,22,22,0.59,2.19,"39",0.871,"none",0,"LIDE","LIDE","LIDE",30,110,260,15,27.5,55,140,400,21.25,32.5,"Pinus","LIDE","Other",8,"20160622 05:26:26",0.15,0.903,"Shrubs_Summer17_AMRC_KindleFire_Sep11",NA,"DONE","6.6","6.6","2.8","4.2","2.2000000000000002",NA,450,2975,13000,"McCarthy","SMG","Inceptisol","Xerept"
"46","ABCO","AMCR","AMCR-NW",48,53,1598,22,22,1.7,3.6,"41",0.801,"none",0,"ARNE","LIDE","ARPA",80,120,290,7.5,25,56,200,490,16.25,29.5,"Abies","Arcto","Other",8,"20160622 05:31:33",0.23,0.865,"Shrubs_Summer17_AMRC_KindleFire_Sep11",NA,"DONE","18.100000000000001","19.100000000000001","5.8","4.7","3.6",NA,600,3250,14455,"McCarthy","SMG","Inceptisol","Xerept"
"48","ABCO","AMCR","AMCR-NW",68,78,1598,19,22,1.95,12.75,"43",0.841,"none",0,"LIDE","conifer","LIDE",40,120,200,20,31,31.6666666666667,160,360,25.5,27.5555555555556,"Abies","LIDE","Other",8,"20160622 05:35:00",0.22,0.867,"Shrubs_Summer17_AMRC_KindleFire_Sep11",NA,"DONE","20.9","20.5","4.0999999999999996","5.7","12.9",NA,800,4080,9920.00000000002,"McCarthy","SMG","Inceptisol","Xerept"
"51","ABCO","AMCR","AMCR-NE",51,66,1966,17,188,1.18,7.7,"195",0.042,"none",0,"CHSE","CHSE","CHSE",270,330,390,35,40,45,600,990,37.5,40,"Abies","CHSE","Other",8,"20160720 05:29:22",0.78,0.607,"Shrubs_Summer17_AMRC_2_Sep11",NA,"alive","12.8","12","7.5","8.1","7.6",NA,9450,22500,39600,"Smokey","SMG","Inceptisol","Xerept"
"52","ABCO","AMCR","AMCR-NE",38,42,1966,17,188,0.8,4.55,"196",0.28,"ARPA",40,"CHSE","CHSE","CHSE",360,260,310,45,53.3333333333333,51.6666666666667,620,930,49.1666666666667,50,"Abies","CHSE","Arcto",8,"20160720 05:31:57",1.8,0.32,"Shrubs_Summer17_AMRC_KindleFire_Sep11",NA,"DONE","8.1999999999999993","8.4","6.7","5.2","4.5",NA,16200,30483.3333333334,46500,"Smokey","SMG","Inceptisol","Xerept"
"53","ABCO","AMCR","AMCR-NE",27,32,1966,17,188,0.69,10.13,"197",0.154,"CHSE",36,"CHSE","CHSE","CHSE",380,320,320,55,47.5,46.6666666666667,700,1020,51.25,49.7222222222222,"Abies","CHSE","CHSE",8,"20160720 05:35:20",2.69,0.173,"Shrubs_Summer17_AMRC_2_Sep11",NA,"alive","5.3","6.1","3.9","9.5","10.4",NA,20900,35875,50716.6666666666,"Smokey","SMG","Inceptisol","Xerept"
"54","ABCO","AMCR","AMCR-NE",34,48,1966,17,188,1.05,2.1,"198",0.32,"CHSE",54,"CHSE","CHSE","CHSE",300,330,280,48.3333333333333,50,50,630,910,49.1666666666667,49.4444444444444,"Abies","CHSE","CHSE",8,"20160720 05:38:01",1.59,0.349,"Shrubs_Summer17_AMRC_2_Sep11",NA,"alive","11.1","10.8","7.7","5.7","1.8",NA,14500,30975,44994.4444444444,"Smokey","SMG","Inceptisol","Xerept"
"55","ABCO","AMCR","AMCR-NE",58,68,1966,17,188,1.2,6.39,"199",0.337,"none",0,"CHSE","CHSE","CHSE",270,330,280,46,50,50,600,880,48,48.6666666666667,"Abies","CHSE","Other",8,"20160720 05:40:08",1.57,0.35,"Shrubs_Summer17_AMRC_KindleFire_Sep11",NA,"DONE","13.9","14","8.4","6.7","5.6",NA,12420,28800,42826.6666666667,"Smokey","SMG","Inceptisol","Xerept"
"56","ABCO","AMCR","AMCR-NE",70,84,1966,17,188,1.19,13.49,"200",0.248,"CHSE",80,"CHSE","CHSE","CHSE",270,270,300,52.5,40,48,540,840,46.25,46.8333333333333,"Abies","CHSE","CHSE",8,"20160720 05:42:15",1.99,0.269,"Shrubs_Summer17_AMRC_2_Sep11",NA,"alive","15.1","15.5","8.6","11.5","13.7",NA,14175,24975,39340,"Smokey","SMG","Inceptisol","Xerept"
"57","ABCO","AMCR","AMCR-NE",28,35,1966,17,188,0.64,2.46,"201",0.234,"none",0,"CHSE","CHSE","CHSE",310,350,300,35,46,46,660,960,40.5,42.3333333333333,"Abies","CHSE","Other",8,"20160720 05:44:30",2.07,0.26,"Shrubs_Summer17_AMRC_2_Sep11",NA,"alive","5.5","5.3","5.5","5.2","3",NA,10850,26730,40640,"Smokey","SMG","Inceptisol","Xerept"
"58","ABCO","AMCR","AMCR-NE",30,NA,1966,17,188,0.51,3.03,"202",0.149,"CHSE",47,"CHSE","CHSE","CHSE",380,240,320,42.5,50,52,620,940,46.25,48.1666666666667,"Abies","CHSE","CHSE",8,"20160720 05:46:46",2.78,0.167,"Shrubs_Summer17_AMRC_2_Sep11",NA,"not found",NA,NA,NA,NA,NA,NA,16150,28675,45276.6666666667,"Smokey","SMG","Inceptisol","Xerept"
"61","ABCO","AMCR","AMCR-NW",29,34,1601,14,127,0.77,4.49,"51",0.413,"ARPA",40,"ARPA","ARPA","ARPA",260,50,50,44,12.5,25,310,360,28.25,27.1666666666667,"Abies","Arcto","Arcto",8,"20160622 06:07:09",1.17,0.461,"Shrubs_Summer17_AMRC_KindleFire_Sep11",NA,"DONE","6.2","6.2","2.2999999999999998","5","4.0999999999999996",NA,11440,8757.5,9780.00000000001,"McCarthy","SMG","Inceptisol","Xerept"
"62","PIPO","AMCR","AMCR-NW",52,58,1601,14,135,1.24,9.67,"52",0.338,"ARPA",64,"ARPA","ARPA","ARPA",220,190,200,38,42.5,36,410,610,40.25,38.8333333333333,"Pinus","Arcto","Arcto",8,"20160622 06:10:32",1.45,0.383,"Shrubs_Summer17_AMRC_KindleFire_Sep11",NA,"DONE","14.1","14.5","6.7","13.5","9.5",NA,8360,16502.5,23688.3333333333,"McCarthy","SMG","Inceptisol","Xerept"
"63","PIPO","AMCR","AMCR-NW",15,15,1601,14,140,0.45,2.72,"53",0.726,"none",0,"ARNE","ARNE","ARPA",290,110,190,22.8571428571429,40,35,400,590,31.4285714285714,32.6190476190476,"Pinus","Arcto","Other",8,"20160622 06:13:36",0.33,0.816,"Shrubs_Summer17_AMRC_KindleFire_Sep11",NA,"DONE","4.8","4.5","2.2000000000000002","3.5","2.5",NA,6628.57142857144,12571.4285714286,19245.2380952381,"McCarthy","SMG","Inceptisol","Xerept"
"64","PIPO","AMCR","AMCR-NW",78,94,1601,14,140,2.69,14.95,"54",0.292,"ARPA",78,"ARPA","ARPA","ARPA",270,110,110,36,32.5,26,380,490,34.25,31.5,"Pinus","Arcto","Arcto",8,"20160622 06:17:07",1.69,0.335,"Shrubs_Summer17_AMRC_KindleFire_Sep11",NA,"DONE","37.299999999999997","40.9","21.5","23","14.6",NA,9720,13015,15435,"McCarthy","SMG","Inceptisol","Xerept"
"65","PIPO","AMCR","AMCR-NW",67,66,1601,14,140,1.59,16.21,"55",0.298,"ARPA",70,"ARPA","ARPA","ARPA",190,90,100,65,37.5,15,280,380,51.25,39.1666666666667,"Pinus","Arcto","Arcto",8,"20160622 06:23:00",1.67,0.345,"Shrubs_Summer17_AMRC_KindleFire_Sep11",NA,"DONE","16.600000000000001","17.2","6.9","14.4","15.9",NA,12350,14350,14883.3333333333,"McCarthy","SMG","Inceptisol","Xerept"
"69","PIPO","AMCR","AMCR-NW",14,18,1601,12,185,0.51,1.79,"60",0.385,"ARPA",35,"ARPA","ARPA","ARPA",130,100,70,35,20,25,230,300,27.5,26.6666666666667,"Pinus","Arcto","Arcto",8,"20160622 06:58:24",1.31,0.417,"Shrubs_Summer17_AMRC_2_Sep11",NA,"alive","4.8","5.5","3.4","5","1.6",NA,4550,6325,8000.00000000001,"McCarthy","SMG","Inceptisol","Xerept"
"71","PIPO","AMCR","AMCR-NW",29,30,1601,14,235,0.76,3.81,"62",0.182,"ARPA",75,"ARPA","ARPA","ARPA",430,270,370,70,51.4285714285714,41.6666666666667,700,1070,60.7142857142857,54.3650793650794,"Pinus","Arcto","Arcto",8,"20160622 07:04:30",2.43,0.215,"Shrubs_Summer17_AMRC_2_Sep11",NA,"alive","6","6.6","3.3","9.3000000000000007","3.6","top cm is dead",30100,42500,58170.634920635,"McCarthy","SMG","Inceptisol","Xerept"
"72","PIPO","AMCR","AMCR-NW",23,25,1601,12,210,0.78,3.94,"63",0.427,"ARPA",63,"ARPA","ARPA","ARPA",210,340,260,28.3333333333333,50,67.5,550,810,39.1666666666667,48.6111111111111,"Pinus","Arcto","Arcto",8,"20160622 07:08:40",1.11,0.477,"Shrubs_Summer17_AMRC_2_Sep11",NA,"alive","7.3","7.6","5.6","4.8",NA,"leader died in 2015, so no 2015 growth measurement taken",5949.99999999999,21541.6666666667,39375,"McCarthy","SMG","Inceptisol","Xerept"
"73","ABCO","AMCR","AMCR-2",55,61,1672,21,299,1.06,10.26,"64",0.088,"CECO",80,"CECO","CECO","CECO",420,390,360,82,66.6666666666667,78.3333333333333,810,1170,74.3333333333333,75.6666666666667,"Abies","Ceanothus","Ceanothus",8,"20160623 05:15:39",3.79,0.089,"Shrubs_Summer17_AMRC_KindleFire_Sep12_1234",NA,"DONE","7.8","7.5","8.1","7.6","8.8000000000000007",NA,34440,60210,88530,"0","MCE","Andisol","Xerand"
"74","ABCO","AMCR","AMCR-2",57,51,1672,21,299,1.1,8.74,"64",0.088,"CECO",100,"CECO","CECO","CECO",420,390,360,82,66.6666666666667,78.3333333333333,810,1170,74.3333333333333,75.6666666666667,"Abies","Ceanothus","Ceanothus",8,"20160623 05:15:39",3.79,0.089,"Shrubs_Summer17_AMRC_KindleFire_Sep12_1234",NA,"DONE","9.9","10",NA,NA,"11.3","2016 and 2017 broke off",34440,60210,88530,"0","MCE","Andisol","Xerand"
"75","ABCO","AMCR","AMCR-2",49,48,1672,21,299,0.92,7.65,"64",0.088,"CECO",100,"CECO","CECO","CECO",420,390,360,82,66.6666666666667,78.3333333333333,810,1170,74.3333333333333,75.6666666666667,"Abies","Ceanothus","Ceanothus",8,"20160623 05:15:39",3.79,0.089,"Shrubs_Summer17_AMRC_KindleFire_Sep12_1234",NA,"DONE","6.8","7",NA,"6.7","8.1","2017 growth b",34440,60210,88530,"0","MCE","Andisol","Xerand"
"76","ABCO","AMCR","AMCR-2",52,55,1672,11,303,1.26,9.59,"65",0.443,"CECO",60,"CECO","CECO","CECO",410,440,370,48,54,38,850,1220,51,46.6666666666667,"Abies","Ceanothus","Ceanothus",8,"20160623 05:21:29",1.03,0.51,"Shrubs_Summer17_AMRC_KindleFire_Sep12_1234",NA,"DONE","10.5","10.5","6.8","12","9.1999999999999993",NA,19680,43350,56933.3333333334,"0","MCE","Andisol","Xerand"
"77","ABCO","AMCR","AMCR-2",31,30,1701,15,290,0.59,2.86,"66",0.123,"ARPA",83,"CECO","CECO","CECO",540,260,340,70,71.6666666666667,58.3333333333333,800,1140,70.8333333333333,66.6666666666667,"Abies","Ceanothus","Arcto",8,"20160623 05:24:33",3.03,0.133,"Shrubs_Summer17_AMRC_KindleFire_Sep12_1234",NA,"DONE","4.5","4.4000000000000004","1","3.3","0.7",NA,37800,56666.6666666666,76000,"0","MCE","Andisol","Xerand"
"78","ABCO","AMCR","AMCR-2",38,39,1701,15,290,0.83,3.47,"67",0.115,"ARPA",140,"ARPA","CECO","CECO",510,380,300,75.7142857142857,75,52.5,890,1190,75.3571428571429,67.7380952380952,"Abies","Arcto","Arcto",8,"20160623 05:27:29",3.05,0.131,"Shrubs_Summer17_AMRC_2_Sep12",NA,"done","6.8","6.4","3.7",NA,"3.5","2016 growth died, so no measurement taken",38614.2857142857,67067.8571428572,80608.3333333333,"0","MCE","Andisol","Xerand"
"79","ABCO","AMCR","AMCR-2",37,35,1701,15,290,0.89,3.8,"",NA,"ARPA",135,"ARPA","CECO","CECO",510,380,300,75.7142857142857,75,52.5,890,1190,75.3571428571429,67.7380952380952,"Abies","Arcto","Arcto",8,NA,NA,NA,"Shrubs_Summer17_AMRC_2_Sep12",NA,"done","8.1999999999999993","8","2.6","2","3.7",NA,38614.2857142857,67067.8571428572,80608.3333333333,"0","MCE","Andisol","Xerand"
"80","ABCO","AMCR","AMCR-2",49,NA,1701,15,290,1.1,3.93,"68",0.063,"CECO",100,"CECO","CECO","CECO",370,390,290,66,62,50,760,1050,64,59.3333333333333,"Abies","Ceanothus","Ceanothus",8,"20160623 05:32:35",3.98,0.07,"Shrubs_Summer17_AMRC_KindleFire_Sep12_1234",NA,"not found",NA,NA,NA,NA,NA,NA,24420,48640,62300,"0","MCE","Andisol","Xerand"
"81","ABCO","AMCR","AMCR-2",57,NA,1701,15,290,1.27,11.38,"69",0.058,"ARPA",80,"CECO","CECO","CECO",400,310,130,68.5714285714286,50,26,710,840,59.2857142857143,48.1904761904762,"Abies","Ceanothus","Arcto",8,"20160623 05:37:43",4.11,0.065,"Shrubs_Summer17_AMRC_KindleFire_Sep12_1234",NA,"herbicided",NA,NA,NA,NA,NA,NA,27428.5714285714,42092.8571428572,40480,"0","MCE","Andisol","Xerand"
"82","ABCO","AMCR","AMCR-2",42,NA,1701,15,290,1.68,11.78,"68",0.063,"ARPA",68,"CECO","CECO","CECO",370,390,290,66,62,50,760,1050,64,59.3333333333333,"Abies","Ceanothus","Arcto",8,"20160623 05:32:35",3.98,0.07,"Shrubs_Summer17_AMRC_KindleFire_Sep12_1234",NA,"herbicided",NA,NA,NA,NA,NA,NA,24420,48640,62300,"0","MCE","Andisol","Xerand"
"83","ABCO","AMCR","AMCR-2",58,NA,1701,14,290,1.27,4,"70",0.228,"CECO",75,"CECO","CECO","CECO",420,340,220,55.7142857142857,66.6666666666667,46,760,980,61.1904761904762,56.1269841269841,"Abies","Ceanothus","Ceanothus",8,"20160623 05:41:42",2.03,0.26,"Shrubs_Summer17_AMRC_2_Sep12",NA,"herbicide",NA,NA,NA,NA,NA,NA,23400,46504.7619047619,55004.4444444444,"0","MCE","Andisol","Xerand"
"84","PIPO","AMCR","AMCR-2",95,NA,1701,14,290,2.75,8.12,"",NA,"none",0,"CECO","CECO","CECO",430,340,220,52.5,66.6666666666667,46,770,990,59.5833333333333,55.0555555555556,"Pinus","Ceanothus","Other",8,NA,NA,NA,"Shrubs_Summer17_AMRC_2_Sep12",NA,"herbicide",NA,NA,NA,NA,NA,NA,22575,45879.1666666666,54505,"0","MCE","Andisol","Xerand"
"85","ABCO","AMCR","AMCR-2",68,NA,1701,14,290,1.72,5.86,"71",0.068,"CECO",70,"CECO","CECO","CECO",300,220,140,72.5,37.5,20,520,660,55,43.3333333333333,"Abies","Ceanothus","Ceanothus",8,"20160623 05:44:58",4.16,0.064,"Shrubs_Summer17_AMRC_KindleFire_Sep12_1234",NA,"herbicided",NA,NA,NA,NA,NA,NA,21750,28600,28600,"0","MCE","Andisol","Xerand"
"86","ABCO","AMCR","AMCR-2",45,NA,1701,14,290,1.18,3.57,"71",0.068,"CECO",80,"CECO","CECO","CECO",300,220,140,72.5,37.5,20,520,660,55,43.3333333333333,"Abies","Ceanothus","Ceanothus",8,"20160623 05:44:58",4.16,0.064,"Shrubs_Summer17_AMRC_KindleFire_Sep12_1234",NA,"herbicided",NA,NA,NA,NA,NA,NA,21750,28600,28600,"0","MCE","Andisol","Xerand"
"87","ABCO","AMCR","AMCR-2",72,NA,1701,14,290,2.16,10.67,"71",0.068,"CECO",77,"CECO","CECO","CECO",300,220,140,72.5,37.5,20,520,660,55,43.3333333333333,"Abies","Ceanothus","Ceanothus",8,"20160623 05:44:58",4.16,0.064,"Shrubs_Summer17_AMRC_KindleFire_Sep12_1234",NA,"herbicided",NA,NA,NA,NA,NA,NA,21750,28600,28600,"0","MCE","Andisol","Xerand"
"88","ABCO","AMCR","AMCR-2",47,NA,1701,23,290,0.99,12.58,"72",0.219,"CECO",115,"CECO","CECO","CECO",420,360,280,62,60,50,780,1060,61,57.3333333333333,"Abies","Ceanothus","Ceanothus",8,"20160623 05:47:43",2.17,0.237,"Shrubs_Summer17_AMRC_KindleFire_Sep12_1234",NA,"herbicided",NA,NA,NA,NA,NA,NA,26040,47580,60773.3333333333,"0","MCE","Andisol","Xerand"
"89","ABCO","AMCR","AMCR-2",55,NA,1701,23,290,1.05,7,"73",0.214,"ARPA",90,"CECO","CECO","CECO",360,250,120,60,38,27.5,610,730,49,41.8333333333333,"Abies","Ceanothus","Arcto",8,"20160623 05:51:20",2.23,0.238,"Shrubs_Summer17_AMRC_2_Sep12",NA,"herbicide",NA,NA,NA,NA,NA,NA,21600,29890,30538.3333333333,"0","MCE","Andisol","Xerand"
"90","ABCO","AMCR","AMCR-2",41,47,1701,16,290,1.1,4,"75",0.198,"CECO",80,"CECO","CECO","CECO",390,400,370,62.5,65,72,790,1160,63.75,66.5,"Abies","Ceanothus","Ceanothus",8,"20160623 05:59:47",2.36,0.234,"Shrubs_Summer17_AMRC_2_Sep12",NA,"done","8.9","9.1999999999999993","3.7","5","4.0999999999999996",NA,24375,50362.5,77140,"0","MCE","Andisol","Xerand"
"91","ABCO","AMCR","AMCR-2",20,NA,1701,16,290,0.4,3.96,"77",0.134,"ARPA",90,"ARPA","ARPA","ARPA",440,460,290,65,70,52.8571428571429,900,1190,67.5,62.6190476190476,"Abies","Arcto","Arcto",8,"20160623 06:07:45",2.88,0.152,"Shrubs_Summer17_AMRC_KindleFire_Sep12_1234",NA,"not found",NA,NA,NA,NA,NA,NA,28600,60750,74516.6666666666,"0","MCE","Andisol","Xerand"
"92","ABCO","AMCR","AMCR-2",11,NA,1701,16,290,0.4,3.42,"77",0.134,"ARPA",80,"ARPA","ARPA","ARPA",440,460,290,65,70,52.8571428571429,900,1190,67.5,62.6190476190476,"Abies","Arcto","Arcto",8,"20160623 06:07:45",2.88,0.152,"Shrubs_Summer17_AMRC_KindleFire_Sep12_1234",NA,"not found",NA,NA,NA,NA,NA,NA,28600,60750,74516.6666666666,"0","MCE","Andisol","Xerand"
"93","ABCO","AMCR","AMCR-2",18,NA,1701,16,290,0.48,2.27,"77",0.134,"ARPA",95,"ARPA","ARPA","ARPA",440,460,290,65,70,52.8571428571429,900,1190,67.5,62.6190476190476,"Abies","Arcto","Arcto",8,"20160623 06:07:45",2.88,0.152,"Shrubs_Summer17_AMRC_KindleFire_Sep12_1234",NA,"not found",NA,NA,NA,NA,NA,NA,28600,60750,74516.6666666666,"0","MCE","Andisol","Xerand"
"94","ABCO","AMCR","AMCR-2",54,57,1701,16,290,1.1,7.8,"78",0.166,"ARPA",113,"ARPA","ARPA","CECO",410,390,370,86.6666666666667,42.5,53.3333333333333,800,1170,64.5833333333333,60.8333333333333,"Abies","Arcto","Arcto",8,"20160623 06:13:07",2.56,0.18,"Shrubs_Summer17_AMRC_2_Sep12",NA,"done","11.2","11","5","9.6","7.8",NA,35533.3333333334,51666.6666666666,71175,"0","MCE","Andisol","Xerand"
"95","ABCO","AMCR","AMCR-2",72,63,1701,16,290,2.21,11.5,"79",0.047,"CECO",90,"CECO","CECO","CECO",380,450,410,74,61.6666666666667,65,830,1240,67.8333333333333,66.8888888888889,"Abies","Ceanothus","Ceanothus",8,"20160623 06:16:28",4.96,0.036,"Shrubs_Summer17_AMRC_2_Sep12",NA,"done","12.3","12.4","0.2","5.5","11.6",NA,28120,56301.6666666666,82942.2222222222,"0","MCE","Andisol","Xerand"
"96","ABCO","AMCR","AMCR-2",50,51,1701,16,290,1.22,11.27,"79",0.047,"CECO",100,"CECO","CECO","CECO",380,450,410,74,61.6666666666667,65,830,1240,67.8333333333333,66.8888888888889,"Abies","Ceanothus","Ceanothus",8,"20160623 06:16:28",4.96,0.036,"Shrubs_Summer17_AMRC_2_Sep12",NA,"done","7.3","7.4","3.6","8.5","1.7",NA,28120,56301.6666666666,82942.2222222222,"0","MCE","Andisol","Xerand"
"97","ABCO","AMCR","AMCR-2",50,60,1701,16,299,1.73,15.8,"81",0.32,"CECO",50,"CECO","CECO","CECO",250,370,310,60,68.3333333333333,70,620,930,64.1666666666667,66.1111111111111,"Abies","Ceanothus","Ceanothus",8,"20160623 06:27:59",1.64,0.336,"Shrubs_Summer17_AMRC_KindleFire_Sep12_1234",NA,"DONE","16.7","17.399999999999999","11","10.4","15.8",NA,15000,39783.3333333334,61483.3333333333,"0","MCE","Andisol","Xerand"
"98","ABCO","AMCR","AMCR-2",55,46,1672,19,283,1.3,9.87,"82",0.049,"CECO",90,"CECO","CECO","CECO",440,430,390,86.25,91.4285714285714,87.5,870,1260,88.8392857142857,88.3928571428572,"Abies","Ceanothus","Ceanothus",8,"20160623 06:33:25",4.36,0.054,"Shrubs_Summer17_AMRC_KindleFire_Sep12_1234",NA,"DONE","9.6999999999999993","9.8000000000000007",NA,NA,NA,"broken top, can't measure vert growth",37950,77290.1785714286,111375,"0","MCE","Andisol","Xerand"
"99","ABCO","AMCR","AMCR-2",40,44,1672,19,283,1.15,7.01,"",NA,"CECO",110,"CECO","CECO","CECO",440,430,390,86.25,91.4285714285714,87.5,870,1260,88.8392857142857,88.3928571428572,"Abies","Ceanothus","Ceanothus",8,NA,NA,NA,"Shrubs_Summer17_AMRC_KindleFire_Sep12_1234",NA,"DONE","9.9","9.1999999999999993","5.2","7.9","6.9",NA,37950,77290.1785714286,111375,"0","MCE","Andisol","Xerand"
"100","ABCO","AMCR","AMCR-2",117,NA,1672,17,311,2.71,20.65,"",NA,"CECO",119,"CECO","CECO","CECO",370,400,400,84,87.5,87.5,770,1170,85.75,86.3333333333333,"Abies","Ceanothus","Ceanothus",8,NA,NA,NA,"Shrubs_Summer17_AMRC_KindleFire_Sep12_1234",NA,"not found",NA,NA,NA,NA,NA,NA,31080,66027.5,101010,"0","MCE","Andisol","Xerand"
"103","ABCO","AMCR","AMCR-2",102,NA,1672,6,192,1.45,29.58,"",NA,"CECO",111,"CECO","CECO","CECO",410,360,390,88,117.5,106,770,1160,102.75,103.833333333333,"Abies","Ceanothus","Ceanothus",8,NA,NA,NA,"Shrubs_Summer17_AMRC_KindleFire_Sep12_1234",NA,"not found",NA,NA,NA,NA,NA,NA,36080,79117.5,120446.666666666,"0","MCE","Andisol","Xerand"
"104","ABCO","AMCR","AMCR-2",62,70,1672,5,192,1.15,9.3,"",NA,"CECO",150,"CECO","CECO","CECO",400,400,400,127.5,117.5,120,800,1200,122.5,121.666666666667,"Abies","Ceanothus","Ceanothus",8,NA,NA,NA,"Shrubs_Summer17_AMRC_2_Sep12",NA,"done","9.4","8.9","3.9","13.5","10.8",NA,51000,98000,146000,"0","MCE","Andisol","Xerand"
"105","ABCO","AMCR","AMCR-2",28,32,1701,15,290,0.58,3.72,"86",0.061,"ARPA",123,"ARPA","CECO","CECO",510,380,300,75.7142857142857,75,52.5,890,1190,75.3571428571429,67.7380952380952,"Abies","Arcto","Arcto",8,"20160623 06:57:07",4.08,0.071,"Shrubs_Summer17_AMRC_2_Sep12",NA,"done","6.2","5.9","5.7","2.1","3.5",NA,38614.2857142857,67067.8571428572,80608.3333333333,"0","MCE","Andisol","Xerand"
"106","ABCO","AMCR","AMCR-2",68,NA,1701,16,290,1.37,15.3,"",NA,"none",0,"CECO","CECO","CECO",400,420,410,85,71.6666666666667,74,820,1230,78.3333333333333,76.8888888888889,"Abies","Ceanothus","Other",8,NA,NA,NA,"Shrubs_Summer17_AMRC_2_Sep11",NA,"not found",NA,NA,NA,NA,NA,NA,34000,64233.3333333333,94573.3333333333,"0","MCE","Andisol","Xerand"
"107","ABCO","AMCR","AMCR-2",46,NA,1701,18,290,1.1,15.2,"80",0.093,"CECO",47,"CECO","CECO","CECO",420,420,440,66.6666666666667,73.75,78.5714285714286,840,1280,70.2083333333333,72.9960317460317,"Abies","Ceanothus","Ceanothus",8,"20160623 06:19:58",3.49,0.096,"Shrubs_Summer17_AMRC_2_Sep11",NA,"not found",NA,NA,NA,NA,NA,NA,28000,58975,93434.9206349206,"0","MCE","Andisol","Xerand"
"108","PIPO","CLVD","CLVD-SE",202,207,1402,21,142,5.85,5.09,"",NA,"none",0,"ARPA","ARPA","ARPA",380,400,400,207.5,210,222.5,780,1180,208.75,213.333333333333,"Pinus","Arcto","Other",24,NA,NA,NA,NA,"Cleveland Aerial - SE - Zoom","DONE","60.3","57.3","8.1999999999999993","9","5.4",NA,78850,162825,251733.333333333,"Holland","149","Alfisol","Xeralf"
"109","PIPO","CLVD","CLVD-SE",101,115,1402,21,124,2.65,6.8,"91",0.117,"none",0,"ARPA","ARPA","ARPA",170,350,290,155,165,187.5,520,810,160,169.166666666667,"Pinus","Arcto","Other",24,"20160628 05:21:59",3.22,0.127,NA,"Cleveland Aerial - SE - Zoom","DONE","27.2","26.3","8.8000000000000007","4.5999999999999996","7.1","top died in 2017 but didn't fall off",26350,83200,137025,"Holland","149","Alfisol","Xeralf"
"110","PIPO","CLVD","CLVD-SE",270,335,1402,21,124,6.65,3.5,"92",0.821,"none",0,"ARPA","ARPA","ARPA",400,400,380,195,187.5,170,800,1180,191.25,184.166666666667,"Pinus","Arcto","Other",24,"20160628 05:33:47",0.14,0.916,NA,"Cleveland Aerial - SE - Zoom","DONE","92","92","45","12","3.5","dbh taken with tape ; 2017 vert growth approximate",78000,153000,217316.666666667,"Holland","149","Alfisol","Xeralf"
"112","ABCO","WRTS","WRTS-1",154,201,2112,13,70,6.5,17.3,"117",0.945,"none",0,"CECO","CECO","CECO",60,370,400,47.5,50,57.5,430,830,48.75,51.6666666666667,"Abies","Ceanothus","Other",14,"20160629 20:19:20",0.06,0.96,NA,"Wrights - Aerial - 1","DONE","66.8","73.900000000000006","20.399999999999999","9.1999999999999993","17.3",NA,2850,20962.5,42883.3333333334,"0","222","Inceptisol","Xerept"
"113","ABCO","WRTS","WRTS-1",120,146,2112,16,100,5.35,14.4,"115",0.588,"none",0,"CECO","CECO","CECO",430,420,320,71.25,71.25,74,850,1170,71.25,72.1666666666667,"Abies","Ceanothus","Other",14,"20160629 20:07:43",0.63,0.677,NA,"Wrights - Aerial - 1","DONE","50.9","55.9","13","10.4","14.7",NA,30637.5,60562.5,84435,"0","222","Inceptisol","Xerept"
"115","ABCO","WRTS","WRTS-1",104,122,2112,10,270,2.1,15.69,"",NA,"CECO",140,"CECO","CECO","CECO",370,400,400,105,117.5,122.5,770,1170,111.25,115,"Abies","Ceanothus","Ceanothus",14,NA,NA,NA,NA,"Wrights - Aerial - 1","DONE","27.5","22","11.5","6.9","16.100000000000001",NA,38850,85662.5,134550,"0","222","Inceptisol","Xerept"
"116","PIPO","WRTS","WRTS-1",204,220,2112,23,60,8.24,18.7,"106",0.711,"none",0,"CECO","CECO","CECO",70,220,210,22.5,40,44,290,500,31.25,35.5,"Pinus","Ceanothus","Other",14,"20160629 19:26:30",0.44,0.758,"paper in maroon binder","Wrights - Aerial - 1","DONE","92","92","15.6","25.1","18.7",NA,1575,9062.5,17750,"0","222","Inceptisol","Xerept"
"117","ABCO","WRTS","WRTS-1",127,143,2112,23,60,3.85,7.84,"111",0.277,"none",0,"CECO","CECO","CECO",350,370,390,91.25,103.333333333333,85,720,1110,97.2916666666667,93.1944444444444,"Abies","Ceanothus","Other",14,"20160629 19:38:54",0,0,"paper in maroon binder","Wrights - Aerial - 1","DONE","42.2","40","12.7","13.4","7.6",NA,31937.5,70050,103445.833333333,"0","222","Inceptisol","Xerept"
"117","ABCO","WRTS","WRTS-1",127,143,2112,23,60,3.85,7.84,"111",0.277,"none",0,"CECO","CECO","CECO",350,370,390,91.25,103.333333333333,85,720,1110,97.2916666666667,93.1944444444444,"Abies","Ceanothus","Other",14,"20160629 19:38:54",1.96,0.271,"paper in maroon binder","Wrights - Aerial - 1","DONE","42.2","40","12.7","13.4","7.6",NA,31937.5,70050,103445.833333333,"0","222","Inceptisol","Xerept"
"118","ABCO","WRTS","WRTS-1",110,120,2112,23,60,3.16,8.42,"112",0.087,"none",0,"CECO","CECO","CECO",320,370,390,91.4285714285714,103.333333333333,85,690,1080,97.3809523809524,93.2539682539683,"Abies","Ceanothus","Other",14,"20160629 19:40:55",3.56,0.096,"paper in maroon binder","Wrights - Aerial - 1","DONE","32","32.799999999999997","9.1","9","8.1999999999999993",NA,29257.1428571428,67192.8571428571,100714.285714286,"0","222","Inceptisol","Xerept"
"119","ABCO","WRTS","WRTS-1",125,135,2112,23,60,4.89,13.3,"108",0.489,"PREM",220,"PREM","PREM","PREM",120,280,250,87.5,75,65,400,650,81.25,75.8333333333333,"Abies","Other","Other",14,"20160629 19:31:12",0.89,0.559,"paper in maroon binder","Wrights - Aerial - 1","DONE","56.2","56.6","9.8000000000000007","8.5","14",NA,10500,32500,49291.6666666666,"0","222","Inceptisol","Xerept"
"120","ABCO","WRTS","WRTS-1",102,111,2112,23,60,2.76,11.8,"109",0.316,"PREM",150,"PREM","PREM","PREM",400,350,440,114,124,114,750,1190,119,117.333333333333,"Abies","Other","Other",14,"20160629 19:33:21",1.65,0.337,"paper in maroon binder","Wrights - Aerial - 1","DONE","30.8","28.8","6.7","14.3","11.7",NA,45600,89250,139626.666666666,"0","222","Inceptisol","Xerept"
"121","PIPO","WRTS","WRTS-1",167,175,2112,23,60,3.85,2.78,"107",0.985,"none",0,"CECO","CECO","CECO",460,440,470,98.5714285714286,85.7142857142857,127.142857142857,900,1370,92.1428571428571,103.809523809524,"Pinus","Ceanothus","Other",14,"20160629 19:29:08",0.02,0.988,"paper in maroon binder","Wrights - Aerial - 1","DONE","40.299999999999997","40.799999999999997","5.4","6.4","2.6",NA,45342.8571428572,82928.5714285714,142219.047619048,"0","222","Inceptisol","Xerept"
"122","ABCO","WRTS","WRTS-1",105,111,2112,21,79,2.32,9.06,"113",0.512,"none",0,"CECO","CECO","CECO",370,400,380,87.5,84,100,770,1150,85.75,90.5,"Abies","Ceanothus","Other",14,"20160629 19:51:11",0.89,0.557,"paper in maroon binder","Wrights - Aerial - 1","DONE","23.6","21","5.8","5.0999999999999996","8.8000000000000007",NA,32375,66027.5,104075,"0","128","Inceptisol","Xerept"
"123","ABCO","WRTS","WRTS-1",95,NA,2112,25,60,2.41,8,"114",0.468,"none",0,"CECO","CECO","CECO",440,430,300,56.6666666666667,62.8571428571429,51.4285714285714,870,1170,59.7619047619048,56.984126984127,"Abies","Ceanothus","Other",14,"20160629 19:55:04",1,0.522,NA,"Wrights - Aerial - 1","could not find",NA,NA,NA,NA,NA,NA,24933.3333333333,51992.8571428572,66671.4285714286,"0","128","Inceptisol","Xerept"
"124","ABCO","WRTS","WRTS-1",79,91,2112,18,60,1.83,9.14,"",NA,"CECO",100,"CECO","CECO","CECO",390,400,400,102,85,87.5,790,1190,93.5,91.5,"Abies","Ceanothus","Ceanothus",14,NA,NA,NA,NA,"Wrights - Aerial - 1","DONE","18.3","18.600000000000001","5.5","7.4","10.4",NA,39780,73865,108885,"0","128","Inceptisol","Xerept"
"129","ABCO","FRDS","FRDS-N",24,31,1805,21,310,0.53,6.93,"99",0.07,"CHSE",160,"CHSE","CHSE","CHSE",350,240,300,137.5,76,80,590,890,106.75,97.8333333333333,"Abies","CHSE","CHSE",35,"20160629 05:36:40",3.84,0.077,NA,"Freds Topo - N - Navigation","DONE","5.4","5.9","4.5","7.9","6.9",NA,48125,62982.5,87071.6666666666,"0","149","Alfisol","Xeralf"
"131","ABCO","FRDS","FRDS-N",68,60,1805,18,330,1.04,13.17,"97",0.11,"CHSE",76,"CHSE","CHSE","CHSE",390,190,210,72.5,40,54,580,790,56.25,55.5,"Abies","CHSE","CHSE",35,"20160629 05:27:45",3.28,0.119,NA,"Freds Topo - N - Navigation","DONE","12.3","12.7",NA,NA,"13","leader broke off; 2017 and 2016 growth measurements could not be taken",28275,32625,43845,"0","149","Alfisol","Xeralf"
"132","PILA","FRDS","FRDS-N",220,253,1805,16,345,5.2,43,"96",0.579,"none",0,"CHSE","CHSE","CHSE",380,320,270,110,87.5,65,700,970,98.75,87.5,"Pinus","CHSE","Other",35,"20160629 05:23:06",0.88,0.577,NA,"Freds Topo - N - Navigation","DONE","67","71.099999999999994","23","38","43","species incorrectly recorded as PIPO; changed to PILA",41800,69125,84875,"0","149","Alfisol","Xeralf"
"133","PIPO","FRDS","FRDS-N",93,101,1805,21,130,2.79,13.36,"105",0.618,"none",0,"CECO","CECO","CECO",100,150,400,20,43.3333333333333,66,250,650,31.6666666666667,43.1111111111111,"Pinus","Ceanothus","Other",35,"20160629 06:14:27",0.48,0.745,NA,"Freds Topo - N - Navigation","DONE","32.799999999999997","33","11.5","17","14.4",NA,2000,7916.66666666668,28022.2222222222,"0","193","Inceptisol","Xerept"
"135","ABCO","WRTS","WRTS-1",18.2,NA,2112,23,60,0.4,2.48,"110",0.199,"CECO",80,"CECO","CECO","CECO",310,320,420,76,87.5,96.6666666666667,630,1050,81.75,86.7222222222222,"Abies","Ceanothus","Ceanothus",14,"20160629 19:36:26",2.3,0.222,NA,NA,"could not find",NA,NA,NA,NA,NA,NA,23560,51502.5,91058.3333333333,"0","222","Inceptisol","Xerept"
"140","PIPO","FRDS","FRDS-SE",70,70,1316,8,270,1.25,8.18,"148",0.396,"none",0,"CHFO","CHFO","CHFO",440,310,340,62,40,52.5,750,1090,51,51.5,"Pinus","CHFO","Other",35,"20160708 05:12:45",1.23,0.449,NA,"Freds Aerial SE","DONE","13.6","13.7","8.3000000000000007","12.4","8.4","0.19428571428571428",27280,38250,56135,"0","108","Inceptisol","Xerept"
"141","PIPO","FRDS","FRDS-SE",110,125,1316,8,270,3.82,14.95,"149",0.632,"none",0,"CHFO","CHFO","CHFO",100,230,360,32,65,48,330,690,48.5,48.3333333333333,"Pinus","CHFO","Other",35,"20160708 05:19:41",0.62,0.672,NA,"Freds Aerial SE","DONE","44.2","41.2","21","22.2","14.6","0.35360000000000003",3200,16005,33350,"0","108","Inceptisol","Xerept"
"142","PIPO","FRDS","FRDS-SE",145,156,1316,8,270,4.05,9.54,"150",0.689,"none",0,"CHFO","CHFO","CHFO",260,380,340,71.6666666666667,80,95,640,980,75.8333333333333,82.2222222222222,"Pinus","CHFO","Other",35,"20160708 05:21:49",0.47,0.744,NA,"Freds Aerial SE","DONE","46.4","46.9","21","23.9","8.9","0.29743589743589743",18633.3333333333,48533.3333333333,80577.7777777778,"0","108","Inceptisol","Xerept"
"143","PIPO","FRDS","FRDS-SE",35,39,1316,15,210,0.77,2.55,"151",0.205,"QUKE",140,"CHFO","CHFO","CHFO",370,540,310,106.666666666667,100,58,910,1220,103.333333333333,88.2222222222222,"Pinus","CHFO","Quercus",35,"20160708 05:24:25",2.21,0.231,NA,"Freds Aerial SE","DONE","7.5","7.7","4.3","2.8","2.9",NA,39466.6666666668,94033.333333333,107631.111111111,"0","108","Inceptisol","Xerept"
"144","PIPO","FRDS","FRDS-SE",45,42,1316,13,224,0.85,5.7,"152",0.187,"none",0,"CHFO","CHFO","CHFO",390,350,380,80,125,80,740,1120,102.5,95,"Pinus","CHFO","Other",35,"20160708 05:29:59",2.4,0.219,NA,"Freds Aerial SE","DONE","7.8","8.1999999999999993","2.7","6.5","5.6","0.18571428571428572",31200,75850,106400,"0","108","Inceptisol","Xerept"
"145","PIPO","FRDS","FRDS-SE",90,NA,1316,18,224,3.16,6.53,"153",0.351,"none",0,"CHFO","CHFO","CHFO",270,220,140,64,76.6666666666667,46,490,630,70.3333333333333,62.2222222222222,"Pinus","CHFO","Other",35,"20160708 05:33:15",1.53,0.367,NA,NA,"dead",NA,NA,NA,NA,NA,NA,17280,34463.3333333333,39200,"0","108","Inceptisol","Xerept"
"147","PIPO","FRDS","FRDS-SE",51,NA,1316,15,180,1.42,7.7,"155",0.615,"ARPA",85,"ARPA","CHFO","CHFO",280,290,310,45,40,22.5,570,880,42.5,35.8333333333333,"Pinus","Arcto","Arcto",35,"20160708 05:43:07",0.76,0.605,NA,NA,"not found",NA,NA,NA,NA,NA,NA,12600,24225,31533.3333333333,"0","108","Inceptisol","Xerept"
"148","PIPO","FRDS","FRDS-SE",19,NA,1316,15,180,0.48,4.6,"156",0.771,"none",0,"CHFO","CHFO","CHFO",190,270,320,20,27.5,27.5,460,780,23.75,25,"Pinus","CHFO","Other",35,"20160708 05:48:12",0.33,0.811,NA,NA,"not found",NA,NA,NA,NA,NA,NA,3800,10925,19500,"0","108","Inceptisol","Xerept"
"149","PIPO","FRDS","FRDS-SE",37,50,1316,20,170,0.9,6.8,"157",0.468,"none",0,"CHFO","CHFO","CHFO",260,330,270,25,37.5,34,590,860,31.25,32.1666666666667,"Pinus","CHFO","Other",35,"20160708 05:51:33",1.06,0.492,NA,"Freds Aerial SE","DONE","11.8","11.8","9.1999999999999993","5.2","6.4",NA,6500,18437.5,27663.3333333334,"0","108","Inceptisol","Xerept"
"150","PIPO","FRDS","FRDS-SE",38,42,1316,20,170,0.65,5.36,"158",0.27,"none",0,"CHFO","CHFO","CHFO",250,320,320,27.5,44,57.5,570,890,35.75,43,"Pinus","CHFO","Other",35,"20160708 05:53:41",1.82,0.3,NA,"Freds Aerial SE","DONE","6.8","7.2","5.6","10.3","5.9",NA,6875,20377.5,38270,"0","108","Inceptisol","Xerept"
"153","PIPO","FRDS","FRDS-SE",57,52,1316,20,253,1.15,9.21,"161",0.414,"none",0,"CHFO","CHFO","CHFO",280,250,360,22.5,38,42,530,890,30.25,34.1666666666667,"Pinus","CHFO","Other",35,"20160708 06:10:20",1.25,0.436,NA,"Freds Aerial SE","DONE","15","14","6.4","11.3","5.9","unsure",6300,16032.5,30408.3333333334,"0","108","Inceptisol","Xerept"
"155","PIPO","FRDS","FRDS-SE",45,NA,1316,21,190,0.91,4.2,"164",0.309,"CEIN",180,"CHFO","CHFO","CHFO",480,260,300,102.222222222222,65.7142857142857,71.6666666666667,740,1040,83.968253968254,79.8677248677249,"Pinus","CHFO","Ceanothus",35,"20160708 06:44:57",1.91,0.283,NA,"Freds Aerial SE","eaten",NA,NA,NA,NA,NA,"got eaten, exclude",49066.6666666666,62136.507936508,83062.4338624339,"0","108","Inceptisol","Xerept"
"159","PIPO","STAR","STAR-NW",118,124,NA,19,112,2.45,10.37,"130",0.164,"CECO",118,"CECO","CECO","CECO",400,380,260,97.5,95,90,780,1040,96.25,94.1666666666667,"Pinus","Ceanothus","Ceanothus",38,"20160706 05:32:12",2.68,0.175,NA,NA,"DONE","22","21.4","5.8","9.4","9.9",NA,39000,75075,97933.3333333334,"McCarthy","MCG","Andisol","Xerand"
"161","PIPO","STAR","STAR-NW",81,76,NA,15,108,1.45,11.75,"132",0.09,"CECO",110,"CECO","CECO","CECO",410,340,300,114,98,110,750,1050,106,107.333333333333,"Pinus","Ceanothus","Ceanothus",38,"20160706 05:59:03",3.51,0.1,NA,NA,"DEAD","13.6","14",NA,"15.5","12.8","deets in CT notebook",46740,79500,112700,"McCarthy","MCG","Andisol","Xerand"
"162","ABCO","STAR","STAR-NW",44,49,NA,12,132,1.6,2.7,"134",0.56,"PREM",92,"PREM","CECO","CECO",180,170,380,72,56.6666666666667,90,350,730,64.3333333333333,72.8888888888889,"Abies","Other","Other",38,"20160706 06:08:38",0.7,0.655,NA,NA,"DONE","16.399999999999999","16.2","4.5","3.5","1",NA,12960,22516.6666666667,53208.8888888889,"McCarthy","MCG","Andisol","Xerand"
"163","ABCO","STAR","STAR-NW",61,59,NA,12,132,2.32,6.7,"135",0.242,"CECO",129,"CECO","CECO","CECO",430,320,360,65.7142857142857,65.5555555555556,85.7142857142857,750,1110,65.6349206349206,72.3280423280423,"Abies","Ceanothus","Ceanothus",38,"20160706 06:11:47",2.08,0.285,NA,NA,"DONE","25.4","25.2","5.0999999999999996","2.8","1.9","two stems, we measured the one with non wacky leader, DIA below split",28257.1428571428,49226.1904761905,80284.126984127,"McCarthy","MCG","Andisol","Xerand"
"164","ABCO","STAR","STAR-NW",60,68,NA,12,132,2.4,5.09,"",NA,"PREM",129,"CECO","CECO","CECO",430,320,360,65.7142857142857,65.5555555555556,85.7142857142857,750,1110,65.6349206349206,72.3280423280423,"Abies","Ceanothus","Other",38,NA,NA,NA,NA,NA,"DONE","23.7","24.6","20.5","8.6999999999999993","2.8",NA,28257.1428571428,49226.1904761905,80284.126984127,"McCarthy","MCG","Andisol","Xerand"
"166","ABCO","STAR","STAR-NW",46,48,NA,19,130,0.75,3.95,"",NA,"PREM",124,"PREM","PREM","PREM",490,420,400,142,134,120,910,1310,138,132,"Abies","Other","Other",38,NA,NA,NA,NA,NA,"DONE","9.5","8.6","5.0999999999999996","5.9","5.0999999999999996",NA,69580,125580,172920,"McCarthy","MCG","Andisol","Xerand"
"167","PIPO","STAR","STAR-NW",134,235,NA,19,130,6.4,26.36,"",NA,"PREM",160,"PREM","PREM","PREM",380,330,360,116.666666666667,117.5,130,710,1070,117.083333333333,121.388888888889,"Pinus","Other","Other",38,NA,NA,NA,NA,NA,"DONE","72.599999999999994","66.5","31","37.5","28","double checked ht; DIA with tape 72",44333.3333333335,83129.1666666664,129886.111111111,"McCarthy","MCG","Andisol","Xerand"
"168","PIPO","STAR","STAR-NW",186,200,NA,11,111,3.3,15.65,"",NA,"none",0,"CECO","CECO","CECO",400,400,400,155,130,135,800,1200,142.5,140,"Pinus","Ceanothus","Other",38,NA,NA,NA,NA,NA,"DONE","43.1","40","15","31","20",NA,62000,114000,168000,"McCarthy","MCG","Andisol","Xerand"
"169","PIPO","STAR","STAR-NW",66,190,NA,14,120,2.46,6,"",NA,"CECO",102,"CECO","CECO","CECO",390,430,370,120,123.333333333333,144,820,1190,121.666666666667,129.111111111111,"Pinus","Ceanothus","Ceanothus",38,NA,NA,NA,NA,NA,"DONE","46.9","46","16","12.2","12.6","height measured incorrectly last year (stem bends under log)",46800,99766.6666666669,153642.222222222,"McCarthy","MCG","Andisol","Xerand"
"170","ABCO","STAR","STAR-NW",64,48,NA,17,182,1.46,2.31,"137",0.127,"CEIN",210,"CEIN","CEIN","CEIN",390,330,350,170,157.5,138,720,1070,163.75,155.166666666667,"Abies","Ceanothus","Ceanothus",38,"20160706 07:04:32",3.01,0.148,NA,NA,"DONE","7.9","8.5","2.2000000000000002","2.8","1.5",NA,66300,117900,166028.333333334,"McCarthy","MCG","Andisol","Xerand"
"171","PIPO","STAR","STAR-NW",119,205,NA,17,182,6.75,15.66,"136",0.236,"none",0,"CEIN","CEIN","CEIN",280,340,270,145,124,140,620,890,134.5,136.333333333333,"Pinus","Ceanothus","Other",38,"20160706 07:01:05",2.01,0.265,NA,NA,"DONE","85","85","12.5","20.3","18",NA,40600,83390,121336.666666666,"McCarthy","MCG","Andisol","Xerand"
"172","ABCO","STAR","STAR-NW",44,39,NA,17,182,1.2,3.74,"138",0.096,"conifer",170,"CEIN","CEIN","CEIN",280,340,270,145,124,140,620,890,134.5,136.333333333333,"Abies","Ceanothus","Other",38,"20160706 07:08:30",3.34,0.116,NA,NA,"DONE","11.4","12.4","0","2.1","4.2",NA,40600,83390,121336.666666666,"McCarthy","MCG","Andisol","Xerand"
"176","PIPO","STAR","STAR-mid",98,NA,NA,NA,176,3.02,5.61,"",NA,"CEIN",190,"CECO","CECO","CECO",460,400,400,158.75,145,157.5,860,1260,151.875,153.75,"Pinus","Ceanothus","Ceanothus",38,NA,NA,NA,NA,NA,"not found",NA,NA,NA,NA,NA,"really hard to get to, and thunder started",73025,130612.5,193725,"0","PTE","Inceptisol","Xerept"
"179","ABCO","STAR","STAR-S",56,54,NA,7,31,0.85,5.7,"141",0.259,"ARPA",167,"ARPA","CECO","CECO",460,450,400,131.428571428571,116.666666666667,145.714285714286,910,1310,124.047619047619,131.269841269841,"Abies","Arcto","Arcto",38,"20160707 05:20:19",1.9,0.28,NA,NA,"DONE","8.3000000000000007","8.3000000000000007","3.6","5.0999999999999996","5.3",NA,60457.1428571427,112883.333333333,171963.492063492,"Ahart","ACF","Andisol","Xerand"
"180","PIPO","STAR","STAR-S",192,199,NA,7,31,4.9,11.62,"142",0.121,"PREM",230,"CECO","CECO","CECO",430,410,380,137.5,132.222222222222,140,840,1220,134.861111111111,136.574074074074,"Pinus","Ceanothus","Other",38,"20160707 05:26:27",3.15,0.124,NA,NA,"DONE","52.6","50.2","13.5","19.899999999999999","11.6",NA,59125,113283.333333333,166620.37037037,"Ahart","ACF","Andisol","Xerand"
"182","ABCO","STAR","STAR-S",66,78,1634,11,56,1.47,6.75,"143",0.192,"ARPA",180,"ARPA","CECO","CECO",770,630,400,103.529411764706,105.714285714286,115.714285714286,1400,1800,104.621848739496,108.319327731092,"Abies","Arcto","Arcto",38,"20160707 05:38:28",2.38,0.223,NA,NA,"DONE","11.1","11.2","11.3","12","7.4",NA,79717.6470588236,146470.588235294,194974.789915966,"Ahart","ACF","Andisol","Xerand"
"185","ABCO","STAR","STAR-S",125,115,1634,9,27,2.89,10.49,"146",0.094,"willow",185,"willow","conifer","willow",610,490,350,125,125,123.75,1100,1450,125,124.583333333333,"Abies","Other","Other",38,"20160707 06:03:56",3.39,0.103,NA,NA,"DONE","29.2","27.2","NA","NA","10.1","top dead and missing after 2015 growth, ht is lower for that reason",76250,137500,180645.833333333,"Ahart","ACF","Andisol","Xerand"
"186","ABCO","STAR","STAR-S",135,156,1634,9,27,2.65,12.69,"147",0.063,"willow",157,"willow","conifer","willow",610,490,350,125,125,123.75,1100,1450,125,124.583333333333,"Abies","Other","Other",38,"20160707 06:07:09",4.05,0.067,NA,NA,"DONE","30.9","30.6","12.5","21.4","11.8","checked ht",76250,137500,180645.833333333,"Ahart","ACF","Andisol","Xerand"
"189","ABCO","STAR","STAR-S",65,74,1634,11,56,1.54,5.87,"",NA,"ARPA",180,"ARPA","CECO","CECO",770,630,400,103.529411764706,105.714285714286,115.714285714286,1400,1800,104.621848739496,108.319327731092,"Abies","Arcto","Arcto",38,NA,NA,NA,NA,NA,"DONE","12.7","12.5","8.5","8.1999999999999993","6.2",NA,79717.6470588236,146470.588235294,194974.789915966,"Ahart","ACF","Andisol","Xerand"
"194","PIPO","FRDS","FRDS-SE",67,76,1366,19,220,2.63,7.42,"163",0.733,"none",0,"CHFO","CHFO","CHFO",140,320,290,27.5,58,120,460,750,42.75,68.5,"Pinus","CHFO","Other",35,"20160708 06:18:21",0.37,0.791,NA,"Freds Aerial SE","DONE","30.6","30.8","10.7","16.600000000000001","8.8000000000000007",NA,3850,19665,51375,"0","108","Inceptisol","Xerept"
"195","PIPO","FRDS","FRDS-SE",182,NA,1366,20,187,3.2,20.3,"166",0.175,"other",250,"other","other","other",390,330,300,137.142857142857,125,132,720,1020,131.071428571429,131.380952380952,"Pinus","Other","Other",35,"20160708 07:01:36",2.43,0.204,NA,"Freds Aerial SE","DEAD",NA,NA,NA,NA,"0.630.810.716.68.8","DEAD",53485.7142857142,94371.4285714289,134008.571428571,"0","108","Inceptisol","Xerept"
"196","PIPO","FRDS","FRDS-SE",60,71,1366,15,220,1.72,18.03,"168",0.786,"none",0,"CHFO","CHFO","CHFO",150,180,140,27.5,25,20,330,470,26.25,24.1666666666667,"Pinus","CHFO","Other",35,"20160708 07:15:43",0.22,0.864,NA,"Freds Aerial SE","unsure","15.9","16.8","4.9000000000000004","17.3","8.1999999999999993","unsure if this is really 196",4125,8662.5,11358.3333333333,"0","108","Inceptisol","Xerept"
"197","PIPO","FRDS","FRDS-SE",158,211,1366,18,185,6.55,31.1,"",NA,"none",0,"CHFO","CHFO","CHFO",220,150,190,44,37.5,64,370,560,40.75,48.5,"Pinus","CHFO","Other",35,NA,NA,NA,NA,"Freds Aerial SE","DONE","3.22 in","3.53 in","53","25.5","21.7",NA,9680,15077.5,27160,"0","108","Inceptisol","Xerept"
"198","PIPO","FRDS","FRDS-SE",88,104,1366,15,197,2.47,13.05,"",NA,"none",0,"CHFO","CHFO","CHFO",280,280,220,32.5,42,70,560,780,37.25,48.1666666666667,"Pinus","CHFO","Other",35,NA,NA,NA,NA,"Freds Aerial SE","DONE","1.10 in","1.22 in","14.7","18.600000000000001","13.9",NA,9100,20860,37570,"0","108","Inceptisol","Xerept"
"202","ABCO","AMCR","AMCR-2",61,60,1672,19,265,1.38,4.57,"169",0.291,"CECO",69,"CECO","CECO","CECO",410,380,400,68.3333333333333,85.7142857142857,98.3333333333333,790,1190,77.0238095238095,84.1269841269841,"Abies","Ceanothus","Ceanothus",8,"20160719 05:39:32",1.65,0.333,"Shrubs_Summer17_AMRC_2_Sep12",NA,"done","11.5","11.4","1.7","4.4000000000000004","5.0999999999999996","top may have broken",28016.6666666667,60848.8095238095,100111.111111111,"0","HUG","Inceptisol","Xerept"
"203","ABCO","AMCR","AMCR-2",39,41,1672,19,265,1.29,5.31,"170",0.167,"CECO",110,"CECO","CECO","CECO",410,380,400,68.3333333333333,85.7142857142857,98.3333333333333,790,1190,77.0238095238095,84.1269841269841,"Abies","Ceanothus","Ceanothus",8,"20160719 05:43:00",2.5,0.187,"Shrubs_Summer17_AMRC_2_Sep12",NA,"done","17.5","17.5","3.9","6.6","1.7",NA,28016.6666666667,60848.8095238095,100111.111111111,"0","HUG","Inceptisol","Xerept"
"204","ABCO","AMCR","AMCR-2",39,42,1672,24,NA,1.1,3.54,"171",0.117,"ARPA",120,"PREM","CECO","CECO",430,440,390,95,98.3333333333333,104.285714285714,870,1260,96.6666666666667,99.2063492063492,"Abies","Other","Arcto",8,"20160719 05:46:54",3.17,0.137,"Shrubs_Summer17_AMRC_2_Sep12",NA,"done","8.5","8.6","3.5","4.5","3.8",NA,40850,84100,125000,"0","HUG","Inceptisol","Xerept"
"205","PIPO","AMCR","AMCR-2",56,67,1672,16,273,1.58,8.69,"172",0.129,"CECO",76,"CECO","CECO","CECO",430,370,400,62.8571428571429,72,85,800,1200,67.4285714285714,73.2857142857143,"Pinus","Ceanothus","Ceanothus",8,"20160719 05:51:37",2.9,0.15,"Shrubs_Summer17_AMRC_KindleFire_Sep12_1234",NA,"DONE","10.8","11.7","8.6","16.5","9.8000000000000007",NA,27028.5714285714,53942.8571428571,87942.8571428572,"0","HUG","Inceptisol","Xerept"
"206","ABCO","AMCR","AMCR-2",27,34,1672,16,273,0.74,5.96,"173",0.199,"CECO",60,"CECO","CECO","CECO",430,370,400,62.8571428571429,72,85,800,1200,67.4285714285714,73.2857142857143,"Abies","Ceanothus","Ceanothus",8,"20160719 05:54:44",2.25,0.235,"Shrubs_Summer17_AMRC_KindleFire_Sep12_1234",NA,"DONE","6.1","6.5","3.7","4.0999999999999996","4.7","might not be same tree as last year but is definitely very nearby, within 10 cm",27028.5714285714,53942.8571428571,87942.8571428572,"0","HUG","Inceptisol","Xerept"
"207","PIPO","AMCR","AMCR-2",77,83,1672,17,268,2.28,14.37,"174",0.601,"none",0,"CECO","CECO","CECO",360,390,380,52.8571428571429,70,78.5714285714286,750,1130,61.4285714285714,67.1428571428572,"Pinus","Ceanothus","Other",8,"20160719 05:58:44",0.65,0.663,"Shrubs_Summer17_AMRC_KindleFire_Sep12_1234",NA,"DONE","25.1","25.2","10","15.3","13.3",NA,19028.5714285714,46071.4285714286,75871.4285714286,"0","HUG","Inceptisol","Xerept"
"208","ABCO","AMCR","AMCR-2",45,40,1672,17,268,0.92,4.51,"175",0.348,"CECO",55,"CECO","CECO","CECO",360,390,380,52.8571428571429,70,78.5714285714286,750,1130,61.4285714285714,67.1428571428572,"Abies","Ceanothus","Ceanothus",8,"20160719 06:00:52",1.37,0.412,"Shrubs_Summer17_AMRC_KindleFire_Sep12_1234",NA,"DONE","8.5","8.76","0","6","4.4000000000000004","top 1 cm dead",19028.5714285714,46071.4285714286,75871.4285714286,"0","HUG","Inceptisol","Xerept"
"209","PIPO","AMCR","AMCR-2",100,113,1672,17,268,2.98,13.61,"176",0.535,"none",0,"CECO","CECO","CECO",270,220,360,58.3333333333333,57.5,72.8571428571429,490,850,57.9166666666667,62.8968253968254,"Pinus","Ceanothus","Other",8,"20160719 06:04:32",0.9,0.638,"Shrubs_Summer17_AMRC_2_Sep12",NA,"done","33.200000000000003","33.6","9.8000000000000007","14.2","15.5",NA,15750,28379.1666666667,53462.3015873016,"0","HUG","Inceptisol","Xerept"
"210","ABCO","AMCR","AMCR-2",40,32,1672,17,268,1.02,4.26,"177",0.277,"ARPA",45,"CECO","CECO","CECO",280,270,310,42,46,62.5,550,860,44,50.1666666666667,"Abies","Ceanothus","Arcto",8,"20160719 06:06:54",2.04,0.316,"Shrubs_Summer17_AMRC_2_Sep12",NA,"done","8.1999999999999993","7.8","3","2.9","2.8","top died after bud set 2017",11760,24200,43143.3333333334,"0","HUG","Inceptisol","Xerept"
"211","PIPO","AMCR","AMCR-2",77,84,1672,18,257,2,13.07,"178",0.506,"none",0,"CECO","CECO","CECO",400,360,400,65,63.3333333333333,68,760,1160,64.1666666666667,65.4444444444444,"Pinus","Ceanothus","Other",8,"20160719 06:10:55",0.91,0.57,"Shrubs_Summer17_AMRC_KindleFire_Sep12_1234",NA,"DONE","17.899999999999999","17","7.5","17.399999999999999","14.2",NA,26000,48766.6666666667,75915.5555555555,"0","HUG","Inceptisol","Xerept"
"212","ABCO","AMCR","AMCR-2",35,41,1672,15,278,1.39,3.3,"179",0.446,"CECO",73,"CECO","CECO","CECO",300,350,380,75,82,82,650,1030,78.5,79.6666666666667,"Abies","Ceanothus","Ceanothus",8,"20160719 06:13:56",1.17,0.464,"Shrubs_Summer17_AMRC_KindleFire_Sep12_1234",NA,"DONE","14","13.7","5.7","5.9","4.3",NA,22500,51025,82056.6666666667,"0","HUG","Inceptisol","Xerept"
"213","ABCO","AMCR","AMCR-2",38,41,1672,15,278,1.37,6.77,"180",0.255,"CECO",73,"CECO","CECO","CECO",300,350,380,75,82,82,650,1030,78.5,79.6666666666667,"Abies","Ceanothus","Ceanothus",8,"20160719 06:16:27",2.04,0.255,"Shrubs_Summer17_AMRC_KindleFire_Sep12_1234",NA,"DONE","13.1","12","6.6","8.9","7.9",NA,22500,51025,82056.6666666667,"0","HUG","Inceptisol","Xerept"
"214","PIPO","AMCR","AMCR-2",72,78,1672,16,284,1.59,14.76,"181",0.548,"none",0,"CECO","CECO","CECO",370,370,400,66,67.1428571428571,78.5714285714286,740,1140,66.5714285714286,70.5714285714286,"Pinus","Ceanothus","Other",8,"20160719 06:18:59",0.81,0.594,"Shrubs_Summer17_AMRC_KindleFire_Sep12_1234",NA,"DONE","15.6","14.7","10","16.600000000000001","14.4",NA,24420,49262.8571428572,80451.4285714286,"0","HUG","Inceptisol","Xerept"
"215","PIPO","AMCR","AMCR-2",78,90,1672,15,272,2.64,12.02,"182",0.188,"CECO",87,"CECO","CECO","CECO",440,370,340,63.75,95,86.25,810,1150,79.375,81.6666666666667,"Pinus","Ceanothus","Ceanothus",8,"20160719 06:21:38",2.62,0.181,"Shrubs_Summer17_AMRC_KindleFire_Sep12_1234",NA,"DONE","24.5","25.6","11.7","2.6",NA,"2015 growth broke off, go with measurement from last year for 2015 growth",28050,64293.75,93916.6666666667,"0","HUG","Inceptisol","Xerept"
"216","ABCO","AMCR","AMCR-2",51,64,1672,19,287,1.46,6.68,"183",0.358,"CECO",60,"CECO","CECO","CECO",370,340,310,60,70,72.5,710,1020,65,67.5,"Abies","Ceanothus","Ceanothus",8,"20160719 06:24:36",1.41,0.415,"Shrubs_Summer17_AMRC_KindleFire_Sep12_1234",NA,"DONE","12.9","13.5","6.6","10.1","8.1999999999999993",NA,22200,46150,68850,"0","HUG","Inceptisol","Xerept"
"217","ABCO","AMCR","AMCR-2",73,82,1672,19,287,1.5,13.33,"184",0.347,"none",0,"CECO","CECO","CECO",370,340,310,60,70,72.5,710,1020,65,67.5,"Abies","Ceanothus","Other",8,"20160719 06:27:16",1.53,0.376,"Shrubs_Summer17_AMRC_KindleFire_Sep12_1234",NA,"DONE","15.1","16.8","10.199999999999999","6.7","5.4",NA,22200,46150,68850,"0","HUG","Inceptisol","Xerept"
"218","ABCO","AMCR","AMCR-2",64,72,1672,22,277,1.99,7.6,"185",0.185,"CECO",75,"CECO","CECO","CECO",360,200,370,87.5,50,85,560,930,68.75,74.1666666666667,"Abies","Ceanothus","Ceanothus",8,"20160719 06:30:49",2.54,0.203,"Shrubs_Summer17_AMRC_KindleFire_Sep12_1234",NA,"DONE","16.2","16.399999999999999","8.6","6.9","9.9","originally in CT notebook",31500,38500,68975,"0","HUG","Inceptisol","Xerept"
"219","PIPO","AMCR","AMCR-2",16,21,1672,22,277,0.75,1.87,"186",0.343,"CECO",85,"CECO","CECO","CECO",280,300,370,87.5,62,75,580,950,74.75,74.8333333333333,"Pinus","Ceanothus","Ceanothus",8,"20160719 06:34:05",1.87,0.312,"Shrubs_Summer17_AMRC_KindleFire_Sep12_1234",NA,"DONE","4.9000000000000004","4.5999999999999996","5.8","2.6","5.2","originally in CT notebook",24500,43355,71091.6666666666,"0","HUG","Inceptisol","Xerept"
"220","PIPO","AMCR","AMCR-2",115,122,NA,24,262,3.04,17.12,"187",0.515,"none",0,"CECO","CECO","CECO",450,420,400,93.3333333333333,88.3333333333333,93.3333333333333,870,1270,90.8333333333333,91.6666666666667,"Pinus","Ceanothus","Other",8,"20160719 06:39:16",1.04,0.502,"Shrubs_Summer17_AMRC_KindleFire_Sep12_1234",NA,"DONE","30.1","27.7","5.5","20.6","18.3",NA,42000,79025,116416.666666667,"0","HUG","Inceptisol","Xerept"
"221","ABCO","AMCR","AMCR-2",80,90,NA,22,257,1.8,14.44,"188",0.625,"none",0,"CECO","CECO","CECO",260,390,360,67.5,82,84,650,1010,74.75,77.8333333333333,"Abies","Ceanothus","Other",8,"20160719 06:45:56",0.58,0.688,"Shrubs_Summer17_AMRC_KindleFire_Sep12_1234",NA,"DONE","20.6","18.100000000000001","9","9.4","15.5",NA,17550,48587.5,78611.6666666666,"0","HUG","Inceptisol","Xerept"
"222","PIPO","AMCR","AMCR-2",96,106,NA,20,282,2.71,16.75,"189",0.203,"none",0,"CECO","CECO","CECO",330,320,340,62,73.3333333333333,65,650,990,67.6666666666667,66.7777777777778,"Pinus","Ceanothus","Other",8,"20160719 06:51:57",2.29,0.221,"Shrubs_Summer17_AMRC_KindleFire_Sep12_1234",NA,"DONE","27.9","31","11","28.5","29.2",NA,20460,43983.3333333334,66110,"0","HUG","Inceptisol","Xerept"
"223","ABCO","AMCR","AMCR-2",37,39,NA,21,275,1.44,3.3,"190",0.321,"CECO",60,"CECO","CECO","CECO",330,340,390,58,73.3333333333333,76,670,1060,65.6666666666667,69.1111111111111,"Abies","Ceanothus","Ceanothus",8,"20160719 06:56:01",1.59,0.357,"Shrubs_Summer17_AMRC_2_Sep12",NA,"done","11.2","12.3","2.2999999999999998","1.8","1.3",NA,19140,43996.6666666667,73257.7777777778,"0","HUG","Inceptisol","Xerept"
"224","ABCO","AMCR","AMCR-2",33,32,NA,21,275,1.18,2.76,"191",0.535,"CECO",60,"CECO","CECO","CECO",330,340,390,58,73.3333333333333,76,670,1060,65.6666666666667,69.1111111111111,"Abies","Ceanothus","Ceanothus",8,"20160719 06:58:48",0.76,0.628,"Shrubs_Summer17_AMRC_2_Sep12",NA,"done","10.1","10.5","2.2000000000000002","2.1","1",NA,19140,43996.6666666667,73257.7777777778,"0","HUG","Inceptisol","Xerept"
"225","ABCO","AMCR","AMCR-2",62,79,NA,17,280,1.84,8.66,"192",0.38,"CECO",95,"CECO","CECO","CECO",340,380,350,64,54.2857142857143,82.5,720,1070,59.1428571428571,66.9285714285714,"Abies","Ceanothus","Ceanothus",8,"20160719 07:01:54",1.37,0.421,"Shrubs_Summer17_AMRC_KindleFire_Sep12_1234",NA,"DONE","17.5","17.7","12.9","15.2","10",NA,21760,42582.8571428571,71613.5714285714,"0","HUG","Inceptisol","Xerept"
"226","ABCO","AMCR","AMCR-2",42,40,NA,11,282,1.64,2.72,"193",0.44,"none",0,"CECO","CECO","CECO",150,320,400,52.5,65,74,470,870,58.75,63.8333333333333,"Abies","Ceanothus","Other",8,"20160719 07:07:01",1.21,0.465,"Shrubs_Summer17_AMRC_2_Sep12",NA,"done","16.5","16.600000000000001",NA,NA,"3.7","no current leader; no 2017 or 2016 growth measurements taken",7875,27612.5,55535,"0","MCE","Andisol","Xerand"
"227","ABCO","AMCR","AMCR-NE",53,62,1951,16,166,1.49,3.42,"203",0.503,"CECO",70,"CECO","CECO","CECO",380,340,300,55,66.6666666666667,48,720,1020,60.8333333333333,56.5555555555556,"Abies","Ceanothus","Ceanothus",8,"20160720 05:49:44",0.86,0.58,"Shrubs_Summer17_AMRC_2_Sep11",NA,"alive","18","16.8","6.3","5.3","4.4000000000000004",NA,20900,43800,57686.6666666667,"Smokey","SMG","Inceptisol","Xerept"
"228","ABCO","AMCR","AMCR-NE",84,86,1951,16,166,1.99,6.06,"204",0.498,"none",0,"CECO","CECO","CECO",380,340,300,55,66.6666666666667,48,720,1020,60.8333333333333,56.5555555555556,"Abies","Ceanothus","Other",8,"20160720 05:52:37",0.9,0.554,"Shrubs_Summer17_AMRC_2_Sep11",NA,"alive","20.6","20.9","6.7","6.9","6.9",NA,20900,43800,57686.6666666667,"Smokey","SMG","Inceptisol","Xerept"
"229","ABCO","AMCR","AMCR-NE",42,NA,1951,18,197,1.45,0.85,"205",0.166,"CECO",84,"CECO","CECO","CECO",470,450,400,70,71.6666666666667,67.5,920,1320,70.8333333333333,69.7222222222222,"Abies","Ceanothus","Ceanothus",8,"20160720 05:58:30",2.5,0.198,"Shrubs_Summer17_AMRC_2_Sep11",NA,"not found",NA,NA,NA,NA,NA,NA,32900,65166.6666666666,92033.3333333333,"Smokey","SMG","Inceptisol","Xerept"
"230","ABCO","AMCR","AMCR-NE",48,64,1951,17,197,1.98,2.5,"206",0.432,"none",0,"ARPA","ARPA","ARPA",160,300,300,62,61.4285714285714,66,460,760,61.7142857142857,63.1428571428571,"Abies","Arcto","Other",8,"20160720 06:02:50",1.14,0.517,"Shrubs_Summer17_AMRC_KindleFire_Sep11",NA,"DONE","20.8","20.9","16.2","5.3","3.9",NA,9920,28388.5714285714,47988.5714285714,"Smokey","SMG","Inceptisol","Xerept"
"231","ABCO","AMCR","AMCR-NE",50,64,1951,17,197,1.31,9.35,"207",0.305,"ARPA",54,"ARPA","ARPA","ARPA",160,300,300,62,61.4285714285714,66,460,760,61.7142857142857,63.1428571428571,"Abies","Arcto","Arcto",8,"20160720 06:04:46",1.65,0.358,"Shrubs_Summer17_AMRC_KindleFire_Sep11",NA,"DONE","14.9","14","9.4","10.9","10.6",NA,9920,28388.5714285714,47988.5714285714,"Smokey","SMG","Inceptisol","Xerept"
"232","ABCO","AMCR","AMCR-NE",55,65,1951,17,197,0.89,6.6,"208",0.095,"ARPA",101,"ARPA","ARPA","ARPA",390,250,230,75,70,53.3333333333333,640,870,72.5,66.1111111111111,"Abies","Arcto","Arcto",8,"20160720 06:06:31",3.36,0.105,"Shrubs_Summer17_AMRC_KindleFire_Sep11",NA,"DONE","9.6","9.1999999999999993","3.7","6.2","7.7",NA,29250,46400,57516.6666666667,"Smokey","SMG","Inceptisol","Xerept"
"233","ABCO","AMCR","AMCR-NE",37,41,1951,16,190,0.89,8.74,"209",0.158,"ARPA",42,"ARPA","QUVA","QUVA",310,260,370,50,50,50,570,940,50,50,"Abies","Arcto","Arcto",8,"20160720 06:10:03",2.62,0.186,"Shrubs_Summer17_AMRC_KindleFire_Sep11",NA,"DONE","6.5","6.9","1.5","6.5","9.8000000000000007",NA,15500,28500,47000,"Smokey","SMG","Inceptisol","Xerept"
"234","PIPO","AMCR","AMCR-NE",35,40,1951,20,197,1.51,3.39,"210",0.183,"none",0,"QUVA","QUVA","QUVA",200,220,190,17.5,24,40,420,610,20.75,27.1666666666667,"Pinus","Quercus","Other",8,"20160720 06:13:02",2.77,0.221,"Shrubs_Summer17_AMRC_KindleFire_Sep11",NA,"DONE","15.5","14","7","3.8","6.2",NA,3500,8715,16571.6666666667,"Smokey","SMG","Inceptisol","Xerept"
"235","ABCO","AMCR","AMCR-NE",32,30,1951,20,197,1.55,3.89,"211",0.625,"ARPA",55,"ARPA","ARPA","ARPA",280,350,200,42,44,33.3333333333333,630,830,43,39.7777777777778,"Abies","Arcto","Arcto",8,"20160720 06:14:44",0.58,0.679,"Shrubs_Summer17_AMRC_KindleFire_Sep11",NA,"DONE","13.5","13.3","2","3.8","3.2",NA,11760,27090,33015.5555555556,"Smokey","SMG","Inceptisol","Xerept"
"236","ABCO","AMCR","AMCR-NE",32,35,1951,20,197,1.11,3.98,"212",0.42,"ARPA",61,"ARPA","ARPA","ARPA",280,350,200,42,44,33.3333333333333,630,830,43,39.7777777777778,"Abies","Arcto","Arcto",8,"20160720 06:16:31",1.18,0.457,"Shrubs_Summer17_AMRC_KindleFire_Sep11",NA,"DONE","9","9","1.8","4.8","4.9000000000000004",NA,11760,27090,33015.5555555556,"Smokey","SMG","Inceptisol","Xerept"
"237","PIPO","AMCR","AMCR-NE",62,56,1951,18,198,1.28,7.44,"213",0.549,"none",0,"QUVA","QUVA","QUVA",410,260,260,52.2222222222222,53.3333333333333,45.7142857142857,670,930,52.7777777777778,50.4232804232804,"Pinus","Quercus","Other",8,"20160720 06:19:52",0.75,0.625,"Shrubs_Summer17_AMRC_2_Sep11",NA,"dead","9.4","9.8000000000000007","14","7","9.5","see ek notes on paper data sheet for dead seedling data; photo timestamp - 3:36 pm (9/11/17)",21411.1111111111,35361.1111111111,46893.6507936508,"Smokey","SMG","Inceptisol","Xerept"
"238","PIPO","AMCR","AMCR-NE",61,56,1951,18,198,1.62,10.34,"214",0.45,"none",0,"QUVA","QUVA","QUVA",410,260,260,52.2222222222222,53.3333333333333,45.7142857142857,670,930,52.7777777777778,50.4232804232804,"Pinus","Quercus","Other",8,"20160720 06:21:33",1.06,0.529,"Shrubs_Summer17_AMRC_2_Sep11",NA,"dead","12","12.9","7.6","9.3000000000000007","9.6999999999999993","see ek notes on paper data sheet for dead seedling data; photo timestamp - 3:35 pm (9/11/17)",21411.1111111111,35361.1111111111,46893.6507936508,"Smokey","SMG","Inceptisol","Xerept"
"239","PIPO","AMCR","AMCR-NE",46,49,1951,17,187,1.62,7.98,"215",0.627,"ARPA",50,"ARPA","ARPA","ARPA",220,370,350,62,77.5,82.5,590,940,69.75,74,"Pinus","Arcto","Arcto",8,"20160720 06:23:55",0.6,0.688,"Shrubs_Summer17_AMRC_2_Sep11",NA,"alive","15.9","15.5","6.2","2.4","4.9000000000000004",NA,13640,41152.5,69560,"Smokey","SMG","Inceptisol","Xerept"
"240","ABCO","AMCR","AMCR-NE",56,51,1951,17,187,1.66,2.77,"216",0.454,"ARPA",90,"ARPA","ARPA","ARPA",360,350,330,64,62,56,710,1040,63,60.6666666666667,"Abies","Arcto","Arcto",8,"20160720 06:25:36",1.2,0.452,"Shrubs_Summer17_AMRC_2_Sep11",NA,"dead","14","14.8","2.5","2.6","6.7","see ek notes on paper data sheet for dead seedling data; photo timestamp - 3:24 pm (9/11/17)",23040,44730,63093.3333333334,"Smokey","SMG","Inceptisol","Xerept"
"241","PIPO","AMCR","AMCR-NE",48,40,1951,17,187,0.98,6.74,"217",0.215,"ARPA",82,"ARPA","ARPA","ARPA",400,190,220,72,54,40,590,810,63,55.3333333333333,"Pinus","Arcto","Arcto",8,"20160720 06:27:42",2.18,0.238,"Shrubs_Summer17_AMRC_2_Sep11",NA,"dead","8.8000000000000007","8.9","9.3000000000000007","6","6.7","see ek notes on paper data sheet for dead seedling data; photo timestamp - 3:07 pm (9/11/17)",28800,37170,44820,"Smokey","SMG","Inceptisol","Xerept"
"242","ABCO","AMCR","AMCR-NE",32,29,1940,20,196,0.93,2.03,"218",0.223,"ARPA",70,"ARPA","ARPA","ARPA",350,350,210,65,52.5,31.6666666666667,700,910,58.75,49.7222222222222,"Abies","Arcto","Arcto",8,"20160720 06:32:48",2.17,0.249,"Shrubs_Summer17_AMRC_2_Sep11",NA,"alive","6.2","6.4","0.9","1.6","0.5",NA,22750,41125,45247.2222222222,"Smokey","SMG","Inceptisol","Xerept"
"243","ABCO","AMCR","AMCR-NE",28,26,1940,20,196,1.13,3.15,"219",0.28,"ARPA",65,"ARPA","ARPA","ARPA",350,350,210,65,52.5,31.6666666666667,700,910,58.75,49.7222222222222,"Abies","Arcto","Arcto",8,"20160720 06:34:54",1.9,0.301,"Shrubs_Summer17_AMRC_2_Sep11",NA,"alive","7.2","8.6","1.8","5","1.8",NA,22750,41125,45247.2222222222,"Smokey","SMG","Inceptisol","Xerept"
"244","PIPO","AMCR","AMCR-NE",22,20,1940,20,196,0.89,1.28,"220",0.481,"ARPA",39,"ARPA","ARPA","ARPA",160,300,260,55,54,54,460,720,54.5,54.3333333333333,"Pinus","Arcto","Arcto",8,"20160720 06:37:30",0.95,0.539,"Shrubs_Summer17_AMRC_2_Sep11",NA,"alive","7.2","6.5","4","3.2","1",NA,8800,25070,39120,"Smokey","SMG","Inceptisol","Xerept"
"245","ABCO","AMCR","AMCR-NE",45,45,1940,16,202,0.7,9.35,"221",0.086,"CHSE",66,"CHSE","CHSE","CECO",400,330,300,56.6666666666667,48.3333333333333,46.6666666666667,730,1030,52.5,50.5555555555556,"Abies","CHSE","CHSE",8,"20160720 06:40:41",3.57,0.096,"Shrubs_Summer17_AMRC_2_Sep11",NA,"alive","6.6","6.7","3.1","7.9","9.3000000000000007",NA,22666.6666666667,38325,52072.2222222223,"Smokey","SMG","Inceptisol","Xerept"
"246","ABCO","AMCR","AMCR-NE",65,65,1940,18,192,1.51,9.73,"223",0.313,"none",0,"CECO","CECO","CECO",430,400,390,40,42,58,830,1220,41,46.6666666666667,"Abies","Ceanothus","Other",8,"20160720 06:46:42",1.57,0.354,"Shrubs_Summer17_AMRC_KindleFire_Sep11",NA,"DONE","14.1","15.1","5","9.6","10",NA,17200,34030,56933.3333333334,"Smokey","SMG","Inceptisol","Xerept"
"247","ABCO","AMCR","AMCR-NE",34,35.8,1940,18,192,0.94,2.11,"224",0.067,"CECO",42,"CECO","CECO","CECO",420,400,390,42,42,58,820,1210,42,47.3333333333333,"Abies","Ceanothus","Ceanothus",8,"20160720 06:49:35",4.08,0.078,"Shrubs_Summer17_AMRC_KindleFire_Sep11",NA,"DONE","7.4","6.8","0.4","2.8","2.6",NA,17640,34440,57273.3333333333,"Smokey","SMG","Inceptisol","Xerept"
"248","ABCO","AMCR","AMCR-NE",37,36,1940,18,202,0.68,2.63,"225",0.114,"CECO",52,"CECO","CECO","CECO",370,320,390,52.5,45,47.5,690,1080,48.75,48.3333333333333,"Abies","Ceanothus","Ceanothus",8,"20160720 06:54:34",3.21,0.134,"Shrubs_Summer17_AMRC_KindleFire_Sep11",NA,"DONE","5.2","4.4000000000000004","3.4","4.4000000000000004","2.9",NA,19425,33637.5,52200,"Smokey","SMG","Inceptisol","Xerept"
"249","ABCO","AMCR","AMCR-NE",45,43,1940,18,202,0.94,4.49,"226",0.146,"CECO",53,"CECO","CECO","CECO",370,320,390,52.5,45,47.5,690,1080,48.75,48.3333333333333,"Abies","Ceanothus","Ceanothus",8,"20160720 06:56:42",2.73,0.169,"Shrubs_Summer17_AMRC_KindleFire_Sep11",NA,"DONE","5.8","6.5","5.0999999999999996","6.1","4.2",NA,19425,33637.5,52200,"Smokey","SMG","Inceptisol","Xerept"
"250","ABCO","AMCR","AMCR-3",38,41,NA,4,14,1.2,1.45,"227",0.496,"ARPA",110,"ARPA","ARPA","ARPA",380,260,130,71.25,56.25,44,640,770,63.75,57.1666666666667,"Abies","Arcto","Arcto",8,"20160721 05:26:16",0.9,0.556,"Shrubs_Summer17_AMRC_2_Sep12",NA,"done","12.5","12","10.199999999999999","7.6","1.4","basal diameters measured above wound at base",27075,40800,44018.3333333334,"Hurlbut","HUG","Inceptisol","Xerept"
"251","PIPO","AMCR","AMCR-3",28,25,NA,2,14,0.63,2.8,"228",0.407,"CECO",81,"CECO","CECO","CECO",270,280,80,55.7142857142857,45.7142857142857,15,550,630,50.7142857142857,38.8095238095238,"Pinus","Ceanothus","Ceanothus",8,"20160721 05:29:51",1.48,0.383,"Shrubs_Summer17_AMRC_2_Sep12",NA,"done","5","5","7.3","5.2","3.8",NA,15042.8571428571,27892.8571428571,24450,"Hurlbut","HUG","Inceptisol","Xerept"
"252","ABCO","AMCR","AMCR-3",29,35,NA,2,14,1.17,0.98,"229",0.353,"ARPA",86,"ARPA","ARPA","ARPA",240,260,170,75,53.75,16,500,670,64.375,48.25,"Abies","Arcto","Arcto",8,"20160721 05:31:33",1.57,0.374,"Shrubs_Summer17_AMRC_2_Sep12",NA,"done","9.9","9.6999999999999993","4.9000000000000004","3.4","1.2",NA,18000,32187.5,32327.5,"Hurlbut","HUG","Inceptisol","Xerept"
"253","ABCO","AMCR","AMCR-3",56,62,NA,6,324,1.25,14.19,"230",0.371,"CECO",79,"CECO","CECO","CECO",270,210,340,78.3333333333333,64.2857142857143,47.5,480,820,71.3095238095238,63.3730158730159,"Abies","Ceanothus","Ceanothus",8,"20160721 05:35:34",1.4,0.391,"Shrubs_Summer17_AMRC_KindleFire_Sep12_1234",NA,"DONE","12.6","15.7","4.5","12.6","15",NA,21150,34228.5714285714,51965.873015873,"Hurlbut","HUG","Inceptisol","Xerept"
"254","ABCO","AMCR","AMCR-3",62,72,NA,6,324,1.7,16.75,"231",0.369,"CECO",79,"CECO","CECO","CECO",270,210,340,78.3333333333333,64.2857142857143,47.5,480,820,71.3095238095238,63.3730158730159,"Abies","Ceanothus","Ceanothus",8,"20160721 05:38:26",1.43,0.385,"Shrubs_Summer17_AMRC_KindleFire_Sep12_1234",NA,"DONE","20.5","22.2","10.199999999999999","5.2","17.600000000000001",NA,21150,34228.5714285714,51965.873015873,"Hurlbut","HUG","Inceptisol","Xerept"
"255","ABCO","AMCR","AMCR-3",38,40,NA,7,336,1.24,1.37,"232",0.098,"CECO",107,"CECO","CECO","CECO",380,300,230,85,76.6666666666667,56,680,910,80.8333333333333,72.5555555555556,"Abies","Ceanothus","Ceanothus",8,"20160721 05:40:43",3.34,0.116,"Shrubs_Summer17_AMRC_KindleFire_Sep12_1234",NA,"DONE","11.9","11.7","5.2","5.3","1.8",NA,32300,54966.6666666666,66025.5555555556,"Hurlbut","HUG","Inceptisol","Xerept"
"256","ABCO","AMCR","AMCR-3",48,55,NA,5,342,1.32,5.09,"233",0.13,"CECO",81,"CECO","CECO","CECO",360,250,130,74,42.8571428571429,44,610,740,58.4285714285714,53.6190476190476,"Abies","Ceanothus","Ceanothus",8,"20160721 05:44:32",3.02,0.132,"Shrubs_Summer17_AMRC_2_Sep12",NA,"done","13.6","14","7","13.7","5.7",NA,26640,35641.4285714286,39678.0952380952,"Hurlbut","HUG","Inceptisol","Xerept"
"257","ABCO","AMCR","AMCR-3",34,39,NA,5,342,1.21,3.58,"234",0.328,"CECO",90,"CECO","CECO","CECO",430,270,160,66.6666666666667,50,40,700,860,58.3333333333333,52.2222222222222,"Abies","Ceanothus","Ceanothus",8,"20160721 05:46:58",1.53,0.359,"Shrubs_Summer17_AMRC_2_Sep12",NA,"done","11.7","11.6","6.2","7.3","4.5999999999999996",NA,28666.6666666667,40833.3333333333,44911.1111111111,"Hurlbut","HUG","Inceptisol","Xerept"
"258","ABCO","AMCR","AMCR-3",56,62,NA,4,341,1.65,13.05,"235",0.302,"CECO",68,"CECO","CECO","CECO",310,330,300,60,40,57.5,640,940,50,52.5,"Abies","Ceanothus","Ceanothus",8,"20160721 05:49:45",1.78,0.306,"Shrubs_Summer17_AMRC_2_Sep12",NA,"done","19.100000000000001","17.5","4","15.6","12.9",NA,18600,32000,49350,"Hurlbut","HUG","Inceptisol","Xerept"
"259","PIPO","AMCR","AMCR-3",38,59,NA,4,340,1.05,8.78,"236",0.19,"CECO",69,"CECO","CECO","CECO",290,340,260,64,41.1111111111111,26,630,890,52.5555555555556,43.7037037037037,"Pinus","Ceanothus","Ceanothus",8,"20160721 05:53:25",2.41,0.201,"Shrubs_Summer17_AMRC_2_Sep12",NA,"done","10.4","9.9","20.2","13.3",NA,"leader died in 2015, so no 2015 growth measurement taken",18560,33110,38896.2962962963,"Hurlbut","HUG","Inceptisol","Xerept"
"260","PIPO","AMCR","AMCR-3",25,29,NA,2,346,0.82,2.77,"237",0.52,"ARPA",58,"ARPA","CECO","ARPA",210,300,220,41.6666666666667,56.6666666666667,42.5,510,730,49.1666666666667,46.9444444444444,"Pinus","Arcto","Arcto",8,"20160721 05:56:24",0.85,0.589,"Shrubs_Summer17_AMRC_2_Sep12",NA,"done","7.6","7.7","4.5999999999999996","5.5","2.6",NA,8750.00000000001,25075,34269.4444444444,"Hurlbut","HUG","Inceptisol","Xerept"
"262","PIPO","AMCR","AMCR-3",65,67,NA,3,350,1.72,10.9,"239",0.57,"CECO",76,"CECO","CECO","CECO",340,290,310,52,45.7142857142857,61.6666666666667,630,940,48.8571428571429,53.1269841269841,"Pinus","Ceanothus","Ceanothus",8,"20160721 06:02:02",0.7,0.629,"Shrubs_Summer17_AMRC_KindleFire_Sep12_1234",NA,"DONE","13.9","13.8","3.6","14.8","12.2",NA,17680,30780,49939.3650793651,"Hurlbut","HUG","Inceptisol","Xerept"
"263","ABCO","AMCR","AMCR-3",79,91,NA,3,347,1.84,11.29,"241",0.198,"ARPA",97,"CECO","CECO","CECO",460,270,290,72.8571428571429,58,58.3333333333333,730,1020,65.4285714285714,63.0634920634921,"Abies","Ceanothus","Arcto",8,"20160721 06:06:50",2.35,0.221,"Shrubs_Summer17_AMRC_2_Sep12",NA,"done","20.7","21.5","13.6","19.2","12.9",NA,33514.2857142857,47762.8571428571,64324.7619047619,"Hurlbut","HUG","Inceptisol","Xerept"
"264","ABCO","AMCR","AMCR-3",51,63,NA,3,347,1.6,3.27,"242",0.227,"ARPA",89,"ARPA","ARPA","ARPA",310,310,350,58.5714285714286,67.1428571428571,74,620,970,62.8571428571429,66.5714285714286,"Abies","Arcto","Arcto",8,"20160721 06:09:58",2.21,0.257,"Shrubs_Summer17_AMRC_2_Sep12",NA,"done","12.4","12.6","10.4","15.2","4",NA,18157.1428571429,38971.4285714286,64574.2857142857,"Hurlbut","HUG","Inceptisol","Xerept"
"265","ABCO","AMCR","AMCR-3",26,30,NA,3,347,0.89,1.47,"243",0.134,"ARPA",101,"CECO","CECO","CECO",500,330,280,77.5,70,64.2857142857143,830,1110,73.75,70.5952380952381,"Abies","Ceanothus","Arcto",8,"20160721 06:12:08",2.84,0.15,"Shrubs_Summer17_AMRC_2_Sep12",NA,"done","4.7","4.8","2.2000000000000002","4.9000000000000004","1.2",NA,38750,61212.5,78360.7142857143,"Hurlbut","HUG","Inceptisol","Xerept"
"275","ABCO","CLVD","CLVD-N",28,27,1621,12,50,0.74,0.8,"252",0.615,"CECO",57,"CEPR","CEPR","CEPR",440,290,60,20.3333333333333,39.2,25,730,790,29.7666666666667,28.1777777777778,"Abies","Ceanothus","Ceanothus",24,"20160727 06:13:51",0.54,0.699,NA,"Cleveland Lines - N","DONE","5.3","5.4","1.8","3.6","1.3",NA,8946.66666666665,21729.6666666667,22260.4444444445,"Jocal","153","Ultisol","Xerult"
"276","ABCO","CLVD","CLVD-N",14,14,1621,26,18,0.56,1.29,"244",0.315,"ARPA",150,"CHSE","ARPA","ARPA",290,380,240,78.1818181818182,90,83.3333333333333,670,910,84.0909090909091,83.8383838383838,"Abies","CHSE","Arcto",24,"20160727 05:30:38",1.66,0.339,NA,"Cleveland Lines - N","DONE","4","3.9","0.3","1.5","0.3",NA,22672.7272727273,56340.9090909091,76292.9292929293,"Jocal","153","Ultisol","Xerult"
"277","PIPO","CLVD","CLVD-N",84,85,1621,18,18,2.48,3.43,"245",0.701,"none",0,"ARPA","ARPA","ARPA",190,400,360,87.5,108.75,112.5,590,950,98.125,102.916666666667,"Pinus","Arcto","Other",24,"20160727 05:38:09",0.36,0.804,NA,"Cleveland Lines - N","DONE","23.7","25","2.8","5.5","4.4000000000000004",NA,16625,57893.75,97770.8333333336,"Jocal","153","Ultisol","Xerult"
"278","PIPO","CLVD","CLVD-N",98,99,1621,18,18,2.7,3.93,"246",0.734,"none",0,"CECO","ARPA","ARPA",220,250,280,84,128,136,470,750,106,116,"Pinus","Ceanothus","Other",24,"20160727 05:42:01",0.31,0.813,NA,"Cleveland Lines - N","DONE","24.3","26.5","6.2","12.1","5",NA,18480,49820,87000,"Jocal","153","Ultisol","Xerult"
"279","PIPO","CLVD","CLVD-N",115,110,1621,22,347,3.12,11.11,"247",0.342,"ARPA",151,"ARPA","ARPA","ARPA",360,440,330,101.25,101.25,154,800,1130,101.25,118.833333333333,"Pinus","Arcto","Arcto",24,"20160727 05:45:56",1.53,0.369,NA,"Cleveland Lines - N","DONE","28.8","29.8","2.4","12.1","8.3000000000000007","last year of growth died",36450,81000,134281.666666666,"Jocal","153","Ultisol","Xerult"
"280","PIPO","CLVD","CLVD-N",70,69,1621,21,354,1.3,2.35,"248",0.377,"ARPA",183,"ARPA","ARPA","ARPA",500,380,290,96.9230769230769,121.111111111111,91.4285714285714,880,1170,109.017094017094,103.154253154253,"Pinus","Arcto","Arcto",24,"20160727 05:50:19",1.4,0.399,NA,"Cleveland Lines - N","DONE","12.3","13.7","1.3","4.5","3.5",NA,48461.5384615385,95935.0427350427,120690.476190476,"Jocal","153","Ultisol","Xerult"
"281","ABCO","CLVD","CLVD-N",23,26,1621,19,348,0.68,4.15,"249",0.182,"ARPA",140,"ARPA","ARPA","ARPA",420,240,310,83,85,114,660,970,84,94,"Abies","Arcto","Arcto",24,"20160727 05:54:53",2.58,0.195,NA,"Cleveland Lines - N","DONE","5.8","5.9","3.1","5.5","4.8",NA,34860,55440,91180,"Jocal","153","Ultisol","Xerult"
"282","ABCO","CLVD","CLVD-N",50,52,1621,22,67,1.09,8.29,"250",0.35,"ARPA",147,"ARPA","ARPA","ARPA",200,230,180,175,115,130,430,610,145,140,"Abies","Arcto","Arcto",24,"20160727 06:03:40",1.38,0.409,NA,"Cleveland Lines - N","DONE","11.5","12","1.7","4.4000000000000004","9.6999999999999993","leader died in 2016",35000,62350,85400,"Jocal","153","Ultisol","Xerult"
"283","ABCO","CLVD","CLVD-N",34,37,1621,15,39,0.56,3.87,"251",0.229,"CECO",74,"CECO","CECO","CECO",310,320,360,78.5714285714286,87.5,93.3333333333333,630,990,83.0357142857143,86.468253968254,"Abies","Ceanothus","Ceanothus",24,"20160727 06:07:33",2.02,0.261,NA,"Cleveland Lines - N","DONE","4.0999999999999996","4.5","4.5999999999999996","5.3","5.2",NA,24357.1428571429,52312.5,85603.5714285715,"Jocal","153","Ultisol","Xerult"
"284","ABCO","CLVD","CLVD-N",50,50,1621,13,37,0.95,7.17,"253",0.351,"other",110,"other","ARPA","ARPA",400,330,360,104.285714285714,96.6666666666667,131.428571428571,730,1090,100.47619047619,110.793650793651,"Abies","Other","Other",24,"20160727 06:20:38",1.36,0.409,NA,"Cleveland Lines - N","DONE","10.3","9.1","1.5","6.1","7.9",NA,41714.2857142856,73347.6190476187,120765.07936508,"Jocal","153","Ultisol","Xerult"
"285","PIPO","CLVD","CLVD-N",151,167,1621,20,33,5.47,12.62,"",NA,"none",0,"CECO","CECO","ARPA",310,260,290,62.5,110,121.25,570,860,86.25,97.9166666666667,"Pinus","Ceanothus","Other",24,NA,NA,NA,NA,"Cleveland Lines - N","DONE","61.2","61.6","13","20.6","14.8",NA,19375,49162.5,84208.3333333334,"Jocal","153","Ultisol","Xerult"
"286","PIPO","FRDS","FRDS-mid",68,78,1638,5,166,1.77,14.83,"256",0.572,"CEIN",150,"CEIN","CEIN","CEIN",340,260,270,92.5,115,126,600,870,103.75,111.166666666667,"Pinus","Ceanothus","Ceanothus",35,"20160728 06:05:44",0.73,0.617,"Shrubs_Summer17_Freds_KindleFire_Sep5_done",NA,"DONE","20.3","21.8","12.6","24.8","15.6",NA,31450,62250,96715.0000000003,"0","108","Inceptisol","Xerept"
"287","PIPO","FRDS","FRDS-mid",69,70,1638,5,166,1.87,4.96,"257",0.602,"CEIN",127,"CEIN","CEIN","CEIN",340,260,270,92.5,115,126,600,870,103.75,111.166666666667,"Pinus","Ceanothus","Ceanothus",35,"20160728 06:08:20",0.62,0.662,"Shrubs_Summer17_Freds_KindleFire_Sep5_done",NA,"DONE","16.3","17.3","4.7","15","5.4","dead above 45 cm tall, that part died mid 2017",31450,62250,96715.0000000003,"0","108","Inceptisol","Xerept"
"288","PIPO","FRDS","FRDS-mid",204,216,1638,5,166,5.85,35.66,"258",0.828,"none",0,"pea","pea","pea",320,300,320,105,114,120,620,940,109.5,113,"Pinus","Other","Other",35,"20160728 06:10:36",0.21,0.87,"Shrubs_Summer17_Freds_KindleFire_Sep5_done",NA,"DONE","67.5","66.2","15.3","38.799999999999997","37",NA,33600,67890,106220,"0","108","Inceptisol","Xerept"
"289","PIPO","FRDS","FRDS-mid",201,222,1638,5,166,5.61,35.52,"",NA,"none",0,"pea","pea","pea",130,170,320,45,97.5,127.5,300,620,71.25,90,"Pinus","Other","Other",35,NA,NA,NA,"Shrubs_Summer17_Freds_KindleFire_Sep5_done",NA,"DONE","73.3","74.5","19.100000000000001","43.4","38.5",NA,5850,21375,55800,"0","108","Inceptisol","Xerept"
"290","PIPO","FRDS","FRDS-mid",226,276,1638,2,191,7,21.52,"261",0.889,"none",0,"pea","pea","pea",120,300,340,60,123.333333333333,133.333333333333,420,760,91.6666666666667,105.555555555556,"Pinus","Other","Other",35,"20160728 06:21:50",0.07,0.956,"Shrubs_Summer17_Freds_KindleFire_Sep5_done",NA,"DONE","8.6999999999999993","8.6999999999999993","50.5","46.5","25.5","diameter measured with logger tape",7200,38500,80222.2222222226,"0","108","Inceptisol","Xerept"
"291","PIPO","FRDS","FRDS-mid",142,165,1638,7,208,3.15,7.8,"262",0.121,"CEIN",230,"CEIN","CEIN","CEIN",430,550,400,201.25,160.909090909091,175.714285714286,980,1380,181.079545454545,179.291125541126,"Pinus","Ceanothus","Ceanothus",35,"20160728 06:38:28",2.92,0.142,"paper in maroon binder",NA,"DONE","30.9","30","15","19","11",NA,86537.5,177457.954545454,247421.753246754,"0","108","Inceptisol","Xerept"
"292","PIPO","FRDS","FRDS-mid",220,238,1638,13,206,6.86,31.9,"263",0.643,"none",0,"CECO","CECO","CEIN",110,340,310,106.666666666667,101.428571428571,113.333333333333,450,760,104.047619047619,107.142857142857,"Pinus","Ceanothus","Other",35,"20160728 06:45:35",0.51,0.731,"paper in maroon binder",NA,"DONE","90","80","26","31","24",NA,11733.3333333334,46821.4285714286,81428.5714285713,"0","108","Inceptisol","Xerept"
"293","PIPO","FRDS","FRDS-mid",140,162,1638,5,224,3.2,13,"264",0.166,"CEIN",171,"CEIN","CEIN","CEIN",320,520,360,98.5714285714286,145,131.666666666667,840,1200,121.785714285714,125.079365079365,"Pinus","Ceanothus","Ceanothus",35,"20160728 06:52:46",2.63,0.176,"paper in maroon binder",NA,"DONE","35.1","37.1","22","29","12",NA,31542.8571428572,102300,150095.238095238,"0","108","Inceptisol","Xerept"
"294","PIPO","FRDS","FRDS-mid",45,54,1638,12,243,1.2,4.94,"265",0.398,"pea",103,"pea","pea","pea",300,260,280,90,75,62,560,840,82.5,75.6666666666667,"Pinus","Other","Other",35,"20160728 07:00:53",1.22,0.45,"paper in maroon binder",NA,"DONE","14.6","15.2","14","14.7","8.5",NA,27000,46200,63560,"0","108","Inceptisol","Xerept"
"125w","ABCO","WRTS","WRTS-1",222,252,2112,18,60,6.035,9.65,"",NA,"none",0,"CECO","CECO","CECO",380,590,410,112.5,140,144,970,1380,126.25,132.166666666667,"Abies","Ceanothus","Other",14,NA,NA,NA,NA,"Wrights - Aerial - 1","DONE","79","79","11","12","21","diameter taken with dbh tape",42750,122462.5,182390,"0","222","Inceptisol","Xerept"
